game_key,n_market_types,series
26AUG042040TBCOL,18,KXMLBEXTRAS|KXMLBF3|KXMLBF5|KXMLBF5SPREAD|KXMLBF5TOTAL|KXMLBF7|KXMLBGAME|KXMLBHIT|KXMLBHR|KXMLBHRR|KXMLBKS|KXMLBOUTS|KXMLBRBI|KXMLBRFI|KXMLBSPREAD|KXMLBTB|KXMLBTEAMTOTAL|KXMLBTOTAL
26AUG042010TORHOU,18,KXMLBEXTRAS|KXMLBF3|KXMLBF5|KXMLBF5SPREAD|KXMLBF5TOTAL|KXMLBF7|KXMLBGAME|KXMLBHIT|KXMLBHR|KXMLBHRR|KXMLBKS|KXMLBOUTS|KXMLBRBI|KXMLBRFI|KXMLBSPREAD|KXMLBTB|KXMLBTEAMTOTAL|KXMLBTOTAL
26AUG042005LADCHC,18,KXMLBEXTRAS|KXMLBF3|KXMLBF5|KXMLBF5SPREAD|KXMLBF5TOTAL|KXMLBF7|KXMLBGAME|KXMLBHIT|KXMLBHR|KXMLBHRR|KXMLBKS|KXMLBOUTS|KXMLBRBI|KXMLBRFI|KXMLBSPREAD|KXMLBTB|KXMLBTEAMTOTAL|KXMLBTOTAL
26AUG041940MINKC,18,KXMLBEXTRAS|KXMLBF3|KXMLBF5|KXMLBF5SPREAD|KXMLBF5TOTAL|KXMLBF7|KXMLBGAME|KXMLBHIT|KXMLBHR|KXMLBHRR|KXMLBKS|KXMLBOUTS|KXMLBRBI|KXMLBRFI|KXMLBSPREAD|KXMLBTB|KXMLBTEAMTOTAL|KXMLBTOTAL
26AUG041840WSHPHI,18,KXMLBEXTRAS|KXMLBF3|KXMLBF5|KXMLBF5SPREAD|KXMLBF5TOTAL|KXMLBF7|KXMLBGAME|KXMLBHIT|KXMLBHR|KXMLBHRR|KXMLBKS|KXMLBOUTS|KXMLBRBI|KXMLBRFI|KXMLBSPREAD|KXMLBTB|KXMLBTEAMTOTAL|KXMLBTOTAL
26AUG041840NYMCLE,18,KXMLBEXTRAS|KXMLBF3|KXMLBF5|KXMLBF5SPREAD|KXMLBF5TOTAL|KXMLBF7|KXMLBGAME|KXMLBHIT|KXMLBHR|KXMLBHRR|KXMLBKS|KXMLBOUTS|KXMLBRBI|KXMLBRFI|KXMLBSPREAD|KXMLBTB|KXMLBTEAMTOTAL|KXMLBTOTAL
26AUG041840ATHCIN,18,KXMLBEXTRAS|KXMLBF3|KXMLBF5|KXMLBF5SPREAD|KXMLBF5TOTAL|KXMLBF7|KXMLBGAME|KXMLBHIT|KXMLBHR|KXMLBHRR|KXMLBKS|KXMLBOUTS|KXMLBRBI|KXMLBRFI|KXMLBSPREAD|KXMLBTB|KXMLBTEAMTOTAL|KXMLBTOTAL
26AUG042140SDAZ,14,KXMLBEXTRAS|KXMLBF3|KXMLBF5|KXMLBF5SPREAD|KXMLBF5TOTAL|KXMLBF7|KXMLBGAME|KXMLBHR|KXMLBKS|KXMLBOUTS|KXMLBRFI|KXMLBSPREAD|KXMLBTEAMTOTAL|KXMLBTOTAL
26AUG042140DETSEA,13,KXMLBEXTRAS|KXMLBF3|KXMLBF5|KXMLBF5SPREAD|KXMLBF5TOTAL|KXMLBF7|KXMLBGAME|KXMLBKS|KXMLBOUTS|KXMLBRFI|KXMLBSPREAD|KXMLBTEAMTOTAL|KXMLBTOTAL
26AUG041940PITMIL,13,KXMLBEXTRAS|KXMLBF3|KXMLBF5|KXMLBF5SPREAD|KXMLBF5TOTAL|KXMLBF7|KXMLBGAME|KXMLBKS|KXMLBOUTS|KXMLBRFI|KXMLBSPREAD|KXMLBTEAMTOTAL|KXMLBTOTAL
26AUG041910CWSBOS,13,KXMLBEXTRAS|KXMLBF3|KXMLBF5|KXMLBF5SPREAD|KXMLBF5TOTAL|KXMLBF7|KXMLBGAME|KXMLBKS|KXMLBOUTS|KXMLBRFI|KXMLBSPREAD|KXMLBTEAMTOTAL|KXMLBTOTAL
26AUG041905STLNYY,13,KXMLBEXTRAS|KXMLBF3|KXMLBF5|KXMLBF5SPREAD|KXMLBF5TOTAL|KXMLBF7|KXMLBGAME|KXMLBKS|KXMLBOUTS|KXMLBRFI|KXMLBSPREAD|KXMLBTEAMTOTAL|KXMLBTOTAL
26AUG06BRCWAL,12,KXEFLCUP1H|KXEFLCUP1HBTTS|KXEFLCUP1HSPREAD|KXEFLCUP1HTOTAL|KXEFLCUPADVANCE|KXEFLCUPBTTS|KXEFLCUPFTTS|KXEFLCUPGAME|KXEFLCUPSCORE|KXEFLCUPSPREAD|KXEFLCUPTEAMTOTAL|KXEFLCUPTOTAL
26AUG06RBSPAF,12,KXUEL1H|KXUEL1HBTTS|KXUEL1HSPREAD|KXUEL1HTOTAL|KXUELADVANCE|KXUELBTTS|KXUELFTTS|KXUELGAME|KXUELSCORE|KXUELSPREAD|KXUELTEAMTOTAL|KXUELTOTAL
26AUG09PHINCX,11,KXLEAGUESCUP1H|KXLEAGUESCUP1HBTTS|KXLEAGUESCUP1HSPREAD|KXLEAGUESCUP1HTOTAL|KXLEAGUESCUPBTTS|KXLEAGUESCUPFTTS|KXLEAGUESCUPGAME|KXLEAGUESCUPSCORE|KXLEAGUESCUPSPREAD|KXLEAGUESCUPTEAMTOTAL|KXLEAGUESCUPTOTAL
26AUG09CRANYC,11,KXLEAGUESCUP1H|KXLEAGUESCUP1HBTTS|KXLEAGUESCUP1HSPREAD|KXLEAGUESCUP1HTOTAL|KXLEAGUESCUPBTTS|KXLEAGUESCUPFTTS|KXLEAGUESCUPGAME|KXLEAGUESCUPSCORE|KXLEAGUESCUPSPREAD|KXLEAGUESCUPTEAMTOTAL|KXLEAGUESCUPTOTAL
26AUG09FLAVIT,11,KXBRASILEIRO1H|KXBRASILEIRO1HBTTS|KXBRASILEIRO1HSPREAD|KXBRASILEIRO1HTOTAL|KXBRASILEIROBTTS|KXBRASILEIROFTTS|KXBRASILEIROGAME|KXBRASILEIROSCORE|KXBRASILEIROSPREAD|KXBRASILEIROTEAMTOTAL|KXBRASILEIROTOTAL
26AUG09SANCAP,11,KXBRASILEIRO1H|KXBRASILEIRO1HBTTS|KXBRASILEIRO1HSPREAD|KXBRASILEIRO1HTOTAL|KXBRASILEIROBTTS|KXBRASILEIROFTTS|KXBRASILEIROGAME|KXBRASILEIROSCORE|KXBRASILEIROSPREAD|KXBRASILEIROTEAMTOTAL|KXBRASILEIROTOTAL
26AUG09RBBCOR,11,KXBRASILEIRO1H|KXBRASILEIRO1HBTTS|KXBRASILEIRO1HSPREAD|KXBRASILEIRO1HTOTAL|KXBRASILEIROBTTS|KXBRASILEIROFTTS|KXBRASILEIROGAME|KXBRASILEIROSCORE|KXBRASILEIROSPREAD|KXBRASILEIROTEAMTOTAL|KXBRASILEIROTOTAL
26AUG09SEAQUE,11,KXLEAGUESCUP1H|KXLEAGUESCUP1HBTTS|KXLEAGUESCUP1HSPREAD|KXLEAGUESCUP1HTOTAL|KXLEAGUESCUPBTTS|KXLEAGUESCUPFTTS|KXLEAGUESCUPGAME|KXLEAGUESCUPSCORE|KXLEAGUESCUPSPREAD|KXLEAGUESCUPTEAMTOTAL|KXLEAGUESCUPTOTAL
26AUG09PALINT,11,KXBRASILEIRO1H|KXBRASILEIRO1HBTTS|KXBRASILEIRO1HSPREAD|KXBRASILEIRO1HTOTAL|KXBRASILEIROBTTS|KXBRASILEIROFTTS|KXBRASILEIROGAME|KXBRASILEIROSCORE|KXBRASILEIROSPREAD|KXBRASILEIROTEAMTOTAL|KXBRASILEIROTOTAL
26AUG09BAHVDG,11,KXBRASILEIRO1H|KXBRASILEIRO1HBTTS|KXBRASILEIRO1HSPREAD|KXBRASILEIRO1HTOTAL|KXBRASILEIROBTTS|KXBRASILEIROFTTS|KXBRASILEIROGAME|KXBRASILEIROSCORE|KXBRASILEIROSPREAD|KXBRASILEIROTEAMTOTAL|KXBRASILEIROTOTAL
26AUG09CRUMIR,11,KXBRASILEIRO1H|KXBRASILEIRO1HBTTS|KXBRASILEIRO1HSPREAD|KXBRASILEIRO1HTOTAL|KXBRASILEIROBTTS|KXBRASILEIROFTTS|KXBRASILEIROGAME|KXBRASILEIROSCORE|KXBRASILEIROSPREAD|KXBRASILEIROTEAMTOTAL|KXBRASILEIROTOTAL
26AUG08TOLLAFC,11,KXLEAGUESCUP1H|KXLEAGUESCUP1HBTTS|KXLEAGUESCUP1HSPREAD|KXLEAGUESCUP1HTOTAL|KXLEAGUESCUPBTTS|KXLEAGUESCUPFTTS|KXLEAGUESCUPGAME|KXLEAGUESCUPSCORE|KXLEAGUESCUPSPREAD|KXLEAGUESCUPTEAMTOTAL|KXLEAGUESCUPTOTAL
26AUG08RSLALA,11,KXLEAGUESCUP1H|KXLEAGUESCUP1HBTTS|KXLEAGUESCUP1HSPREAD|KXLEAGUESCUP1HTOTAL|KXLEAGUESCUPBTTS|KXLEAGUESCUPFTTS|KXLEAGUESCUPGAME|KXLEAGUESCUPSCORE|KXLEAGUESCUPSPREAD|KXLEAGUESCUPTEAMTOTAL|KXLEAGUESCUPTOTAL
26AUG08CDGDAL,11,KXLEAGUESCUP1H|KXLEAGUESCUP1HBTTS|KXLEAGUESCUP1HSPREAD|KXLEAGUESCUP1HTOTAL|KXLEAGUESCUPBTTS|KXLEAGUESCUPFTTS|KXLEAGUESCUPGAME|KXLEAGUESCUPSCORE|KXLEAGUESCUPSPREAD|KXLEAGUESCUPTEAMTOTAL|KXLEAGUESCUPTOTAL
26AUG08MIAMON,11,KXLEAGUESCUP1H|KXLEAGUESCUP1HBTTS|KXLEAGUESCUP1HSPREAD|KXLEAGUESCUP1HTOTAL|KXLEAGUESCUPBTTS|KXLEAGUESCUPFTTS|KXLEAGUESCUPGAME|KXLEAGUESCUPSCORE|KXLEAGUESCUPSPREAD|KXLEAGUESCUPTEAMTOTAL|KXLEAGUESCUPTOTAL
26AUG08BOTFLU,11,KXBRASILEIRO1H|KXBRASILEIRO1HBTTS|KXBRASILEIRO1HSPREAD|KXBRASILEIRO1HTOTAL|KXBRASILEIROBTTS|KXBRASILEIROFTTS|KXBRASILEIROGAME|KXBRASILEIROSCORE|KXBRASILEIROSPREAD|KXBRASILEIROTEAMTOTAL|KXBRASILEIROTOTAL
26AUG08CFCCHA,11,KXBRASILEIRO1H|KXBRASILEIRO1HBTTS|KXBRASILEIRO1HSPREAD|KXBRASILEIRO1HTOTAL|KXBRASILEIROBTTS|KXBRASILEIROFTTS|KXBRASILEIROGAME|KXBRASILEIROSCORE|KXBRASILEIROSPREAD|KXBRASILEIROTEAMTOTAL|KXBRASILEIROTOTAL
26AUG08ORLLEO,11,KXLEAGUESCUP1H|KXLEAGUESCUP1HBTTS|KXLEAGUESCUP1HSPREAD|KXLEAGUESCUP1HTOTAL|KXLEAGUESCUPBTTS|KXLEAGUESCUPFTTS|KXLEAGUESCUPGAME|KXLEAGUESCUPSCORE|KXLEAGUESCUPSPREAD|KXLEAGUESCUPTEAMTOTAL|KXLEAGUESCUPTOTAL
26AUG08CRATL,11,KXBRASILEIRO1H|KXBRASILEIRO1HBTTS|KXBRASILEIRO1HSPREAD|KXBRASILEIRO1HTOTAL|KXBRASILEIROBTTS|KXBRASILEIROFTTS|KXBRASILEIROGAME|KXBRASILEIROSCORE|KXBRASILEIROSPREAD|KXBRASILEIROTEAMTOTAL|KXBRASILEIROTOTAL
26AUG08GPASPA,11,KXBRASILEIRO1H|KXBRASILEIRO1HBTTS|KXBRASILEIRO1HSPREAD|KXBRASILEIRO1HTOTAL|KXBRASILEIROBTTS|KXBRASILEIROFTTS|KXBRASILEIROGAME|KXBRASILEIROSCORE|KXBRASILEIROSPREAD|KXBRASILEIROTEAMTOTAL|KXBRASILEIROTOTAL
26AUG07VANJUA,11,KXLEAGUESCUP1H|KXLEAGUESCUP1HBTTS|KXLEAGUESCUP1HSPREAD|KXLEAGUESCUP1HTOTAL|KXLEAGUESCUPBTTS|KXLEAGUESCUPFTTS|KXLEAGUESCUPGAME|KXLEAGUESCUPSCORE|KXLEAGUESCUPSPREAD|KXLEAGUESCUPTEAMTOTAL|KXLEAGUESCUPTOTAL
26AUG07TIGMIN,11,KXLEAGUESCUP1H|KXLEAGUESCUP1HBTTS|KXLEAGUESCUP1HSPREAD|KXLEAGUESCUP1HTOTAL|KXLEAGUESCUPBTTS|KXLEAGUESCUPFTTS|KXLEAGUESCUPGAME|KXLEAGUESCUPSCORE|KXLEAGUESCUPSPREAD|KXLEAGUESCUPTEAMTOTAL|KXLEAGUESCUPTOTAL
26AUG07CINPUM,11,KXLEAGUESCUP1H|KXLEAGUESCUP1HBTTS|KXLEAGUESCUP1HSPREAD|KXLEAGUESCUP1HTOTAL|KXLEAGUESCUPBTTS|KXLEAGUESCUPFTTS|KXLEAGUESCUPGAME|KXLEAGUESCUPSCORE|KXLEAGUESCUPSPREAD|KXLEAGUESCUPTEAMTOTAL|KXLEAGUESCUPTOTAL
26AUG07CLTATL,11,KXLEAGUESCUP1H|KXLEAGUESCUP1HBTTS|KXLEAGUESCUP1HSPREAD|KXLEAGUESCUP1HTOTAL|KXLEAGUESCUPBTTS|KXLEAGUESCUPFTTS|KXLEAGUESCUPGAME|KXLEAGUESCUPSCORE|KXLEAGUESCUPSPREAD|KXLEAGUESCUPTEAMTOTAL|KXLEAGUESCUPTOTAL
26AUG07CLBPAC,11,KXLEAGUESCUP1H|KXLEAGUESCUP1HBTTS|KXLEAGUESCUP1HSPREAD|KXLEAGUESCUP1HTOTAL|KXLEAGUESCUPBTTS|KXLEAGUESCUPFTTS|KXLEAGUESCUPGAME|KXLEAGUESCUPSCORE|KXLEAGUESCUPSPREAD|KXLEAGUESCUPTEAMTOTAL|KXLEAGUESCUPTOTAL
26AUG06PORPUE,11,KXLEAGUESCUP1H|KXLEAGUESCUP1HBTTS|KXLEAGUESCUP1HSPREAD|KXLEAGUESCUP1HTOTAL|KXLEAGUESCUPBTTS|KXLEAGUESCUPFTTS|KXLEAGUESCUPGAME|KXLEAGUESCUPSCORE|KXLEAGUESCUPSPREAD|KXLEAGUESCUPTEAMTOTAL|KXLEAGUESCUPTOTAL
26AUG06AMESD,11,KXLEAGUESCUP1H|KXLEAGUESCUP1HBTTS|KXLEAGUESCUP1HSPREAD|KXLEAGUESCUP1HTOTAL|KXLEAGUESCUPBTTS|KXLEAGUESCUPFTTS|KXLEAGUESCUPGAME|KXLEAGUESCUPSCORE|KXLEAGUESCUPSPREAD|KXLEAGUESCUPTEAMTOTAL|KXLEAGUESCUPTOTAL
26AUG06ATXTIJ,11,KXLEAGUESCUP1H|KXLEAGUESCUP1HBTTS|KXLEAGUESCUP1HSPREAD|KXLEAGUESCUP1HTOTAL|KXLEAGUESCUPBTTS|KXLEAGUESCUPFTTS|KXLEAGUESCUPGAME|KXLEAGUESCUPSCORE|KXLEAGUESCUPSPREAD|KXLEAGUESCUPTEAMTOTAL|KXLEAGUESCUPTOTAL
26AUG06CHINCX,11,KXLEAGUESCUP1H|KXLEAGUESCUP1HBTTS|KXLEAGUESCUP1HSPREAD|KXLEAGUESCUP1HTOTAL|KXLEAGUESCUPBTTS|KXLEAGUESCUPFTTS|KXLEAGUESCUPGAME|KXLEAGUESCUPSCORE|KXLEAGUESCUPSPREAD|KXLEAGUESCUPTEAMTOTAL|KXLEAGUESCUPTOTAL
26AUG06CRAPHI,11,KXLEAGUESCUP1H|KXLEAGUESCUP1HBTTS|KXLEAGUESCUP1HSPREAD|KXLEAGUESCUP1HTOTAL|KXLEAGUESCUPBTTS|KXLEAGUESCUPFTTS|KXLEAGUESCUPGAME|KXLEAGUESCUPSCORE|KXLEAGUESCUPSPREAD|KXLEAGUESCUPTEAMTOTAL|KXLEAGUESCUPTOTAL
26AUG06NYCSLA,11,KXLEAGUESCUP1H|KXLEAGUESCUP1HBTTS|KXLEAGUESCUP1HSPREAD|KXLEAGUESCUP1HTOTAL|KXLEAGUESCUPBTTS|KXLEAGUESCUPFTTS|KXLEAGUESCUPGAME|KXLEAGUESCUPSCORE|KXLEAGUESCUPSPREAD|KXLEAGUESCUPTEAMTOTAL|KXLEAGUESCUPTOTAL
26AUG06THUREY,11,KXUEL1H|KXUEL1HBTTS|KXUEL1HSPREAD|KXUEL1HTOTAL|KXUELBTTS|KXUELFTTS|KXUELGAME|KXUELSCORE|KXUELSPREAD|KXUELTEAMTOTAL|KXUELTOTAL
26AUG06SHAEGR,11,KXUEL1H|KXUEL1HBTTS|KXUEL1HSPREAD|KXUEL1HTOTAL|KXUELBTTS|KXUELFTTS|KXUELGAME|KXUELSCORE|KXUELSPREAD|KXUELTEAMTOTAL|KXUELTOTAL
26AUG06PAOKRSC,11,KXUEL1H|KXUEL1HBTTS|KXUEL1HSPREAD|KXUEL1HTOTAL|KXUELBTTS|KXUELFTTS|KXUELGAME|KXUELSCORE|KXUELSPREAD|KXUELTEAMTOTAL|KXUELTOTAL
26AUG06PAFRBS,11,KXUEL1H|KXUEL1HBTTS|KXUEL1HSPREAD|KXUEL1HTOTAL|KXUELBTTS|KXUELFTTS|KXUELGAME|KXUELSCORE|KXUELSPREAD|KXUELTEAMTOTAL|KXUELTOTAL
26AUG06MTACSK,11,KXUEL1H|KXUEL1HBTTS|KXUEL1HSPREAD|KXUEL1HTOTAL|KXUELBTTS|KXUELFTTS|KXUELGAME|KXUELSCORE|KXUELSPREAD|KXUELTEAMTOTAL|KXUELTOTAL
26AUG06LPOKI,11,KXUEL1H|KXUEL1HBTTS|KXUEL1HSPREAD|KXUEL1HTOTAL|KXUELBTTS|KXUELFTTS|KXUELGAME|KXUELSCORE|KXUELSPREAD|KXUELTEAMTOTAL|KXUELTOTAL
26AUG06LINOMO,11,KXUEL1H|KXUEL1HBTTS|KXUEL1HSPREAD|KXUEL1HTOTAL|KXUELBTTS|KXUELFTTS|KXUELGAME|KXUELSCORE|KXUELSPREAD|KXUELTEAMTOTAL|KXUELTOTAL
26AUG06LARIBE,11,KXUEL1H|KXUEL1HBTTS|KXUEL1HSPREAD|KXUEL1HTOTAL|KXUELBTTS|KXUELFTTS|KXUELGAME|KXUELSCORE|KXUELSPREAD|KXUELTEAMTOTAL|KXUELTOTAL
26AUG06KUPSCSU,11,KXUEL1H|KXUEL1HBTTS|KXUEL1HSPREAD|KXUEL1HTOTAL|KXUELBTTS|KXUELFTTS|KXUELGAME|KXUELSCORE|KXUELSPREAD|KXUELTEAMTOTAL|KXUELTOTAL
26AUG06JAGRFC,11,KXUEL1H|KXUEL1HBTTS|KXUEL1HSPREAD|KXUEL1HTOTAL|KXUELBTTS|KXUELFTTS|KXUELGAME|KXUELSCORE|KXUELSPREAD|KXUELTEAMTOTAL|KXUELTOTAL
26AUG06HRKBES,11,KXUEL1H|KXUEL1HBTTS|KXUEL1HSPREAD|KXUEL1HTOTAL|KXUELBTTS|KXUELFTTS|KXUELGAME|KXUELSCORE|KXUELSPREAD|KXUELTEAMTOTAL|KXUELTOTAL
26AUG06FTCGOR,11,KXUEL1H|KXUEL1HBTTS|KXUEL1HSPREAD|KXUEL1HTOTAL|KXUELBTTS|KXUELFTTS|KXUELGAME|KXUELSCORE|KXUELSPREAD|KXUELTEAMTOTAL|KXUELTOTAL
26AUG06BENHOM,11,KXUEL1H|KXUEL1HBTTS|KXUEL1HSPREAD|KXUEL1HTOTAL|KXUELBTTS|KXUELFTTS|KXUELGAME|KXUELSCORE|KXUELSPREAD|KXUELTEAMTOTAL|KXUELTOTAL
26AUG05LAFCCDG,11,KXLEAGUESCUP1H|KXLEAGUESCUP1HBTTS|KXLEAGUESCUP1HSPREAD|KXLEAGUESCUP1HTOTAL|KXLEAGUESCUPBTTS|KXLEAGUESCUPFTTS|KXLEAGUESCUPGAME|KXLEAGUESCUPSCORE|KXLEAGUESCUPSPREAD|KXLEAGUESCUPTEAMTOTAL|KXLEAGUESCUPTOTAL
26AUG05TOLSEA,11,KXLEAGUESCUP1H|KXLEAGUESCUP1HBTTS|KXLEAGUESCUP1HSPREAD|KXLEAGUESCUP1HTOTAL|KXLEAGUESCUPBTTS|KXLEAGUESCUPFTTS|KXLEAGUESCUPGAME|KXLEAGUESCUPSCORE|KXLEAGUESCUPSPREAD|KXLEAGUESCUPTEAMTOTAL|KXLEAGUESCUPTOTAL
26AUG05NSHLEO,11,KXLEAGUESCUP1H|KXLEAGUESCUP1HBTTS|KXLEAGUESCUP1HSPREAD|KXLEAGUESCUP1HTOTAL|KXLEAGUESCUPBTTS|KXLEAGUESCUPFTTS|KXLEAGUESCUPGAME|KXLEAGUESCUPSCORE|KXLEAGUESCUPSPREAD|KXLEAGUESCUPTEAMTOTAL|KXLEAGUESCUPTOTAL
26AUG05DALQUE,11,KXLEAGUESCUP1H|KXLEAGUESCUP1HBTTS|KXLEAGUESCUP1HSPREAD|KXLEAGUESCUP1HTOTAL|KXLEAGUESCUPBTTS|KXLEAGUESCUPFTTS|KXLEAGUESCUPGAME|KXLEAGUESCUPSCORE|KXLEAGUESCUPSPREAD|KXLEAGUESCUPTEAMTOTAL|KXLEAGUESCUPTOTAL
26AUG05MONORL,11,KXLEAGUESCUP1H|KXLEAGUESCUP1HBTTS|KXLEAGUESCUP1HSPREAD|KXLEAGUESCUP1HTOTAL|KXLEAGUESCUPBTTS|KXLEAGUESCUPFTTS|KXLEAGUESCUPGAME|KXLEAGUESCUPSCORE|KXLEAGUESCUPSPREAD|KXLEAGUESCUPTEAMTOTAL|KXLEAGUESCUPTOTAL
26AUG05MIAASL,11,KXLEAGUESCUP1H|KXLEAGUESCUP1HBTTS|KXLEAGUESCUP1HSPREAD|KXLEAGUESCUP1HTOTAL|KXLEAGUESCUPBTTS|KXLEAGUESCUPFTTS|KXLEAGUESCUPGAME|KXLEAGUESCUPSCORE|KXLEAGUESCUPSPREAD|KXLEAGUESCUPTEAMTOTAL|KXLEAGUESCUPTOTAL
26AUG05PANCSK,11,KXUECL1H|KXUECL1HBTTS|KXUECL1HSPREAD|KXUECL1HTOTAL|KXUECLBTTS|KXUECLFTTS|KXUECLGAME|KXUECLSCORE|KXUECLSPREAD|KXUECLTEAMTOTAL|KXUECLTOTAL
26AUG05SKBAPO,11,KXUECL1H|KXUECL1HBTTS|KXUECL1HSPREAD|KXUECL1HTOTAL|KXUECLBTTS|KXUECLFTTS|KXUECLGAME|KXUECLSCORE|KXUECLSPREAD|KXUECLTEAMTOTAL|KXUECLTOTAL
26AUG04VANALA,11,KXLEAGUESCUP1H|KXLEAGUESCUP1HBTTS|KXLEAGUESCUP1HSPREAD|KXLEAGUESCUP1HTOTAL|KXLEAGUESCUPBTTS|KXLEAGUESCUPFTTS|KXLEAGUESCUPGAME|KXLEAGUESCUPSCORE|KXLEAGUESCUPSPREAD|KXLEAGUESCUPTEAMTOTAL|KXLEAGUESCUPTOTAL
26AUG04TIGRSL,11,KXLEAGUESCUP1H|KXLEAGUESCUP1HBTTS|KXLEAGUESCUP1HSPREAD|KXLEAGUESCUP1HTOTAL|KXLEAGUESCUPBTTS|KXLEAGUESCUPFTTS|KXLEAGUESCUPGAME|KXLEAGUESCUPSCORE|KXLEAGUESCUPSPREAD|KXLEAGUESCUPTEAMTOTAL|KXLEAGUESCUPTOTAL
26AUG04MINJUA,11,KXLEAGUESCUP1H|KXLEAGUESCUP1HBTTS|KXLEAGUESCUP1HSPREAD|KXLEAGUESCUP1HTOTAL|KXLEAGUESCUPBTTS|KXLEAGUESCUPFTTS|KXLEAGUESCUPGAME|KXLEAGUESCUPSCORE|KXLEAGUESCUPSPREAD|KXLEAGUESCUPTEAMTOTAL|KXLEAGUESCUPTOTAL
26AUG04CLTPUM,11,KXLEAGUESCUP1H|KXLEAGUESCUP1HBTTS|KXLEAGUESCUP1HSPREAD|KXLEAGUESCUP1HTOTAL|KXLEAGUESCUPBTTS|KXLEAGUESCUPFTTS|KXLEAGUESCUPGAME|KXLEAGUESCUPSCORE|KXLEAGUESCUPSPREAD|KXLEAGUESCUPTEAMTOTAL|KXLEAGUESCUPTOTAL
26AUG04CLBATL,11,KXLEAGUESCUP1H|KXLEAGUESCUP1HBTTS|KXLEAGUESCUP1HSPREAD|KXLEAGUESCUP1HTOTAL|KXLEAGUESCUPBTTS|KXLEAGUESCUPFTTS|KXLEAGUESCUPGAME|KXLEAGUESCUPSCORE|KXLEAGUESCUPSPREAD|KXLEAGUESCUPTEAMTOTAL|KXLEAGUESCUPTOTAL
26AUG04CINPAC,11,KXLEAGUESCUP1H|KXLEAGUESCUP1HBTTS|KXLEAGUESCUP1HSPREAD|KXLEAGUESCUP1HTOTAL|KXLEAGUESCUPBTTS|KXLEAGUESCUPFTTS|KXLEAGUESCUPGAME|KXLEAGUESCUPSCORE|KXLEAGUESCUPSPREAD|KXLEAGUESCUPTEAMTOTAL|KXLEAGUESCUPTOTAL
26AUG042005SFTEX,11,KXMLBEXTRAS|KXMLBF3|KXMLBF5|KXMLBF5SPREAD|KXMLBF5TOTAL|KXMLBF7|KXMLBGAME|KXMLBRFI|KXMLBSPREAD|KXMLBTEAMTOTAL|KXMLBTOTAL
26AUG041915MIAATL,11,KXMLBEXTRAS|KXMLBF3|KXMLBF5|KXMLBF5SPREAD|KXMLBF5TOTAL|KXMLBF7|KXMLBGAME|KXMLBRFI|KXMLBSPREAD|KXMLBTEAMTOTAL|KXMLBTOTAL
26AUG041835LAABAL,11,KXMLBEXTRAS|KXMLBF3|KXMLBF5|KXMLBF5SPREAD|KXMLBF5TOTAL|KXMLBF7|KXMLBGAME|KXMLBRFI|KXMLBSPREAD|KXMLBTEAMTOTAL|KXMLBTOTAL
26AUG04AUDDIC,11,KXUECL1H|KXUECL1HBTTS|KXUECL1HSPREAD|KXUECL1HTOTAL|KXUECLBTTS|KXUECLFTTS|KXUECLGAME|KXUECLSCORE|KXUECLSPREAD|KXUECLTEAMTOTAL|KXUECLTOTAL
26AUG05DALWSH,10,KXWNBA1HSPREAD|KXWNBA1HTOTAL|KXWNBA1HWINNER|KXWNBA2HSPREAD|KXWNBA2HTOTAL|KXWNBA2HWINNER|KXWNBAGAME|KXWNBAOT|KXWNBASPREAD|KXWNBATOTAL
26AUG04TORGS,10,KXWNBA1HSPREAD|KXWNBA1HTOTAL|KXWNBA1HWINNER|KXWNBA2HSPREAD|KXWNBA2HTOTAL|KXWNBA2HWINNER|KXWNBAGAME|KXWNBAOT|KXWNBASPREAD|KXWNBATOTAL
26AUG06VITCAP,9,KXCOPADOBRASIL1H|KXCOPADOBRASIL1HBTTS|KXCOPADOBRASIL1HSPREAD|KXCOPADOBRASIL1HTOTAL|KXCOPADOBRASILADVANCE|KXCOPADOBRASILBTTS|KXCOPADOBRASILGAME|KXCOPADOBRASILSPREAD|KXCOPADOBRASILTOTAL
26AUG06CORINT,9,KXCOPADOBRASIL1H|KXCOPADOBRASIL1HBTTS|KXCOPADOBRASIL1HSPREAD|KXCOPADOBRASIL1HTOTAL|KXCOPADOBRASILADVANCE|KXCOPADOBRASILBTTS|KXCOPADOBRASILGAME|KXCOPADOBRASILSPREAD|KXCOPADOBRASILTOTAL
26AUG05FORPAL,9,KXCOPADOBRASIL1H|KXCOPADOBRASIL1HBTTS|KXCOPADOBRASIL1HSPREAD|KXCOPADOBRASIL1HTOTAL|KXCOPADOBRASILADVANCE|KXCOPADOBRASILBTTS|KXCOPADOBRASILGAME|KXCOPADOBRASILSPREAD|KXCOPADOBRASILTOTAL
26AUG05FLUVDG,9,KXCOPADOBRASIL1H|KXCOPADOBRASIL1HBTTS|KXCOPADOBRASIL1HSPREAD|KXCOPADOBRASIL1HTOTAL|KXCOPADOBRASILADVANCE|KXCOPADOBRASILBTTS|KXCOPADOBRASILGAME|KXCOPADOBRASILSPREAD|KXCOPADOBRASILTOTAL
26AUG05GPAMIR,9,KXCOPADOBRASIL1H|KXCOPADOBRASIL1HBTTS|KXCOPADOBRASIL1HSPREAD|KXCOPADOBRASIL1HTOTAL|KXCOPADOBRASILADVANCE|KXCOPADOBRASILBTTS|KXCOPADOBRASILGAME|KXCOPADOBRASILSPREAD|KXCOPADOBRASILTOTAL
26AUG05CRUCHA,9,KXCOPADOBRASIL1H|KXCOPADOBRASIL1HBTTS|KXCOPADOBRASIL1HSPREAD|KXCOPADOBRASIL1HTOTAL|KXCOPADOBRASILADVANCE|KXCOPADOBRASILBTTS|KXCOPADOBRASILGAME|KXCOPADOBRASILSPREAD|KXCOPADOBRASILTOTAL
26AUG04CRSAN,9,KXCOPADOBRASIL1H|KXCOPADOBRASIL1HBTTS|KXCOPADOBRASIL1HSPREAD|KXCOPADOBRASIL1HTOTAL|KXCOPADOBRASILADVANCE|KXCOPADOBRASILBTTS|KXCOPADOBRASILGAME|KXCOPADOBRASILSPREAD|KXCOPADOBRASILTOTAL
26AUG04JUVATL,9,KXCOPADOBRASIL1H|KXCOPADOBRASIL1HBTTS|KXCOPADOBRASIL1HSPREAD|KXCOPADOBRASIL1HTOTAL|KXCOPADOBRASILADVANCE|KXCOPADOBRASILBTTS|KXCOPADOBRASILGAME|KXCOPADOBRASILSPREAD|KXCOPADOBRASILTOTAL
26AUG10PSCCON,8,KXBRASILEIROC1H|KXBRASILEIROC1HBTTS|KXBRASILEIROC1HSPREAD|KXBRASILEIROC1HTOTAL|KXBRASILEIROCBTTS|KXBRASILEIROCGAME|KXBRASILEIROCSPREAD|KXBRASILEIROCTOTAL
26AUG10AFCGUA,8,KXBRASILEIROC1H|KXBRASILEIROC1HBTTS|KXBRASILEIROC1HSPREAD|KXBRASILEIROC1HTOTAL|KXBRASILEIROCBTTS|KXBRASILEIROCGAME|KXBRASILEIROCSPREAD|KXBRASILEIROCTOTAL
26AUG10GGOLON,8,KXBRASILEIROB1H|KXBRASILEIROB1HBTTS|KXBRASILEIROB1HSPREAD|KXBRASILEIROB1HTOTAL|KXBRASILEIROBBTTS|KXBRASILEIROBGAME|KXBRASILEIROBSPREAD|KXBRASILEIROBTOTAL
26AUG09MARBRU,8,KXBRASILEIROC1H|KXBRASILEIROC1HBTTS|KXBRASILEIROC1HSPREAD|KXBRASILEIROC1HTOTAL|KXBRASILEIROCBTTS|KXBRASILEIROCGAME|KXBRASILEIROCSPREAD|KXBRASILEIROCTOTAL
26AUG09ITACAX,8,KXBRASILEIROC1H|KXBRASILEIROC1HBTTS|KXBRASILEIROC1HSPREAD|KXBRASILEIROC1HTOTAL|KXBRASILEIROCBTTS|KXBRASILEIROCGAME|KXBRASILEIROCSPREAD|KXBRASILEIROCTOTAL
26AUG09CUIFOR,8,KXBRASILEIROB1H|KXBRASILEIROB1HBTTS|KXBRASILEIROB1HSPREAD|KXBRASILEIROB1HTOTAL|KXBRASILEIROBBTTS|KXBRASILEIROBGAME|KXBRASILEIROBSPREAD|KXBRASILEIROBTOTAL
26AUG09YRSFLO,8,KXBRASILEIROC1H|KXBRASILEIROC1HBTTS|KXBRASILEIROC1HSPREAD|KXBRASILEIROC1HTOTAL|KXBRASILEIROCBTTS|KXBRASILEIROCGAME|KXBRASILEIROCSPREAD|KXBRASILEIROCTOTAL
26AUG09MRNAMA,8,KXBRASILEIROC1H|KXBRASILEIROC1HBTTS|KXBRASILEIROC1HSPREAD|KXBRASILEIROC1HTOTAL|KXBRASILEIROCBTTS|KXBRASILEIROCGAME|KXBRASILEIROCSPREAD|KXBRASILEIROCTOTAL
26AUG09NAUGOI,8,KXBRASILEIROB1H|KXBRASILEIROB1HBTTS|KXBRASILEIROB1HSPREAD|KXBRASILEIROB1HTOTAL|KXBRASILEIROBBTTS|KXBRASILEIROBGAME|KXBRASILEIROBSPREAD|KXBRASILEIROBTOTAL
26AUG09GRNJUV,8,KXBRASILEIROB1H|KXBRASILEIROB1HBTTS|KXBRASILEIROB1HSPREAD|KXBRASILEIROB1HTOTAL|KXBRASILEIROBBTTS|KXBRASILEIROBGAME|KXBRASILEIROBSPREAD|KXBRASILEIROBTOTAL
26AUG09ATHCRI,8,KXBRASILEIROB1H|KXBRASILEIROB1HBTTS|KXBRASILEIROB1HSPREAD|KXBRASILEIROB1HTOTAL|KXBRASILEIROBBTTS|KXBRASILEIROBGAME|KXBRASILEIROBSPREAD|KXBRASILEIROBTOTAL
26AUG08ITUBRR,8,KXBRASILEIROC1H|KXBRASILEIROC1HBTTS|KXBRASILEIROC1HSPREAD|KXBRASILEIROC1HTOTAL|KXBRASILEIROCBTTS|KXBRASILEIROCGAME|KXBRASILEIROCSPREAD|KXBRASILEIROCTOTAL
26AUG08INTVOR,8,KXBRASILEIROC1H|KXBRASILEIROC1HBTTS|KXBRASILEIROC1HSPREAD|KXBRASILEIROC1HTOTAL|KXBRASILEIROCBTTS|KXBRASILEIROCGAME|KXBRASILEIROCSPREAD|KXBRASILEIROCTOTAL
26AUG08BOTAMG,8,KXBRASILEIROB1H|KXBRASILEIROB1HBTTS|KXBRASILEIROB1HSPREAD|KXBRASILEIROB1HTOTAL|KXBRASILEIROBBTTS|KXBRASILEIROBGAME|KXBRASILEIROBSPREAD|KXBRASILEIROBTOTAL
26AUG08FIGARA,8,KXBRASILEIROC1H|KXBRASILEIROC1HBTTS|KXBRASILEIROC1HSPREAD|KXBRASILEIROC1HTOTAL|KXBRASILEIROCBTTS|KXBRASILEIROCGAME|KXBRASILEIROCSPREAD|KXBRASILEIROCTOTAL
26AUG08BFCSTC,8,KXBRASILEIROC1H|KXBRASILEIROC1HBTTS|KXBRASILEIROC1HSPREAD|KXBRASILEIROC1HTOTAL|KXBRASILEIROCBTTS|KXBRASILEIROCGAME|KXBRASILEIROCSPREAD|KXBRASILEIROCTOTAL
26AUG08VINREC,8,KXBRASILEIROB1H|KXBRASILEIROB1HBTTS|KXBRASILEIROB1HSPREAD|KXBRASILEIROB1HTOTAL|KXBRASILEIROBBTTS|KXBRASILEIROBGAME|KXBRASILEIROBSPREAD|KXBRASILEIROBTOTAL
26AUG07CEAPON,8,KXBRASILEIROB1H|KXBRASILEIROB1HBTTS|KXBRASILEIROB1HSPREAD|KXBRASILEIROB1HTOTAL|KXBRASILEIROBBTTS|KXBRASILEIROBGAME|KXBRASILEIROBSPREAD|KXBRASILEIROBTOTAL
26AUG07FERSBE,8,KXBRASILEIROB1H|KXBRASILEIROB1HBTTS|KXBRASILEIROB1HSPREAD|KXBRASILEIROB1HTOTAL|KXBRASILEIROBBTTS|KXBRASILEIROBGAME|KXBRASILEIROBSPREAD|KXBRASILEIROBTOTAL
26AUG06TLAADO,8,KXLIGAEXP1H|KXLIGAEXP1HBTTS|KXLIGAEXP1HSPREAD|KXLIGAEXP1HTOTAL|KXLIGAEXPBTTS|KXLIGAEXPGAME|KXLIGAEXPSPREAD|KXLIGAEXPTOTAL
26AUG05LASOAK,8,KXUSL1H|KXUSL1HBTTS|KXUSL1HSPREAD|KXUSL1HTOTAL|KXUSLBTTS|KXUSLGAME|KXUSLSPREAD|KXUSLTOTAL
26AUG05PASMON,8,KXUSL1H|KXUSL1HBTTS|KXUSL1HSPREAD|KXUSL1HTOTAL|KXUSLBTTS|KXUSLGAME|KXUSLSPREAD|KXUSLTOTAL
26AUG05FENSTU,8,KXUCL1H|KXUCL1HBTTS|KXUCL1HSPREAD|KXUCL1HTOTAL|KXUCLBTTS|KXUCLGAME|KXUCLSPREAD|KXUCLTOTAL
26AUG05AGFSBH,8,KXUCL1H|KXUCL1HBTTS|KXUCL1HSPREAD|KXUCL1HTOTAL|KXUCLBTTS|KXUCLGAME|KXUCLSPREAD|KXUCLTOTAL
26AUG04USGBOG,8,KXUCL1H|KXUCL1HBTTS|KXUCL1HSPREAD|KXUCL1HTOTAL|KXUCLBTTS|KXUCLGAME|KXUCLSPREAD|KXUCLTOTAL
26AUG04SPAOL,8,KXUCL1H|KXUCL1HBTTS|KXUCL1HSPREAD|KXUCL1HTOTAL|KXUCLBTTS|KXUCLGAME|KXUCLSPREAD|KXUCLTOTAL
26AUG04OLYNIJ,8,KXUCL1H|KXUCL1HBTTS|KXUCL1HSPREAD|KXUCL1HTOTAL|KXUCLBTTS|KXUCLGAME|KXUCLSPREAD|KXUCLTOTAL
26AUG04DINKAZ,8,KXUCL1H|KXUCL1HBTTS|KXUCL1HSPREAD|KXUCL1HTOTAL|KXUCLBTTS|KXUCLGAME|KXUCLSPREAD|KXUCLTOTAL
26AUG04ARACEL,8,KXUCL1H|KXUCL1HBTTS|KXUCL1HSPREAD|KXUCL1HTOTAL|KXUCLBTTS|KXUCLGAME|KXUCLSPREAD|KXUCLTOTAL
26AUG04LEVALM,8,KXUCL1H|KXUCL1HBTTS|KXUCL1HSPREAD|KXUCL1HTOTAL|KXUCLBTTS|KXUCLGAME|KXUCLSPREAD|KXUCLTOTAL
26AUG04HBSCZV,8,KXUCL1H|KXUCL1HBTTS|KXUCL1HSPREAD|KXUCL1HTOTAL|KXUCLBTTS|KXUCLGAME|KXUCLSPREAD|KXUCLTOTAL
26AUG04MJASLO,8,KXUCL1H|KXUCL1HBTTS|KXUCL1HSPREAD|KXUCL1HTOTAL|KXUCLBTTS|KXUCLGAME|KXUCLSPREAD|KXUCLTOTAL
26JUL25DRDCAN,8,KXLIGAEXP1H|KXLIGAEXP1HBTTS|KXLIGAEXP1HSPREAD|KXLIGAEXP1HTOTAL|KXLIGAEXPBTTS|KXLIGAEXPGAME|KXLIGAEXPSPREAD|KXLIGAEXPTOTAL
26JUL24BIRNEW,8,KXUSL1H|KXUSL1HBTTS|KXUSL1HSPREAD|KXUSL1HTOTAL|KXUSLBTTS|KXUSLGAME|KXUSLSPREAD|KXUSLTOTAL
26AUG06CARARI,6,KXNFLGAME|KXNFLPASSYDS|KXNFLRSHYDS|KXNFLSPREAD|KXNFLTD|KXNFLTOTAL
26AUG06LVIND,6,KXWNBA1HWINNER|KXWNBA2HWINNER|KXWNBAGAME|KXWNBAOT|KXWNBASPREAD|KXWNBATOTAL
26AUG05LACHI,6,KXWNBA1HWINNER|KXWNBA2HWINNER|KXWNBAGAME|KXWNBAOT|KXWNBASPREAD|KXWNBATOTAL
26AUG05SEANY,6,KXWNBA1HWINNER|KXWNBA2HWINNER|KXWNBAGAME|KXWNBAOT|KXWNBASPREAD|KXWNBATOTAL
26AUG05PHXATL,6,KXWNBA1HWINNER|KXWNBA2HWINNER|KXWNBAGAME|KXWNBAOT|KXWNBASPREAD|KXWNBATOTAL
26AUG10PAEXC,5,KXEFLCUPADVANCE|KXEFLCUPBTTS|KXEFLCUPGAME|KXEFLCUPSPREAD|KXEFLCUPTOTAL
26AUG09BENRAV,5,KXCOPPAITALIAADVANCE|KXCOPPAITALIABTTS|KXCOPPAITALIAGAME|KXCOPPAITALIASPREAD|KXCOPPAITALIATOTAL
26AUG09AREUNI,5,KXCOPPAITALIAADVANCE|KXCOPPAITALIABTTS|KXCOPPAITALIAGAME|KXCOPPAITALIASPREAD|KXCOPPAITALIATOTAL
26AUG09MATSHU,5,KXEFLCUPADVANCE|KXEFLCUPBTTS|KXEFLCUPGAME|KXEFLCUPSPREAD|KXEFLCUPTOTAL
26AUG08ASCPOT,5,KXCOPPAITALIAADVANCE|KXCOPPAITALIABTTS|KXCOPPAITALIAGAME|KXCOPPAITALIASPREAD|KXCOPPAITALIATOTAL
26AUG08VICCAT,5,KXCOPPAITALIAADVANCE|KXCOPPAITALIABTTS|KXCOPPAITALIAGAME|KXCOPPAITALIASPREAD|KXCOPPAITALIATOTAL
26AUG08ROTWBA,5,KXEFLCUPADVANCE|KXEFLCUPBTTS|KXEFLCUPGAME|KXEFLCUPSPREAD|KXEFLCUPTOTAL
26AUG08COLSOU,5,KXEFLCUPADVANCE|KXEFLCUPBTTS|KXEFLCUPGAME|KXEFLCUPSPREAD|KXEFLCUPTOTAL
26AUG08CHTCHA,5,KXEFLCUPADVANCE|KXEFLCUPBTTS|KXEFLCUPGAME|KXEFLCUPSPREAD|KXEFLCUPTOTAL
26AUG08WIMNC,5,KXEFLCUPADVANCE|KXEFLCUPBTTS|KXEFLCUPGAME|KXEFLCUPSPREAD|KXEFLCUPTOTAL
26AUG08WHUPOR,5,KXEFLCUPADVANCE|KXEFLCUPBTTS|KXEFLCUPGAME|KXEFLCUPSPREAD|KXEFLCUPTOTAL
26AUG08WATCRA,5,KXEFLCUPADVANCE|KXEFLCUPBTTS|KXEFLCUPGAME|KXEFLCUPSPREAD|KXEFLCUPTOTAL
26AUG08SWABC,5,KXEFLCUPADVANCE|KXEFLCUPBTTS|KXEFLCUPGAME|KXEFLCUPSPREAD|KXEFLCUPTOTAL
26AUG08STODR,5,KXEFLCUPADVANCE|KXEFLCUPBTTS|KXEFLCUPGAME|KXEFLCUPSPREAD|KXEFLCUPTOTAL
26AUG08STKOLD,5,KXEFLCUPADVANCE|KXEFLCUPBTTS|KXEFLCUPGAME|KXEFLCUPSPREAD|KXEFLCUPTOTAL
26AUG08SHWBOL,5,KXEFLCUPADVANCE|KXEFLCUPBTTS|KXEFLCUPGAME|KXEFLCUPSPREAD|KXEFLCUPTOTAL
26AUG08SALSHR,5,KXEFLCUPADVANCE|KXEFLCUPBTTS|KXEFLCUPGAME|KXEFLCUPSPREAD|KXEFLCUPTOTAL
26AUG08PNEHUD,5,KXEFLCUPADVANCE|KXEFLCUPBTTS|KXEFLCUPGAME|KXEFLCUPSPREAD|KXEFLCUPTOTAL
26AUG08NORMKD,5,KXEFLCUPADVANCE|KXEFLCUPBTTS|KXEFLCUPGAME|KXEFLCUPSPREAD|KXEFLCUPTOTAL
26AUG08LEYOXU,5,KXEFLCUPADVANCE|KXEFLCUPBTTS|KXEFLCUPGAME|KXEFLCUPSPREAD|KXEFLCUPTOTAL
26AUG08LEINOT,5,KXEFLCUPADVANCE|KXEFLCUPBTTS|KXEFLCUPGAME|KXEFLCUPSPREAD|KXEFLCUPTOTAL
26AUG08GRIBLP,5,KXEFLCUPADVANCE|KXEFLCUPBTTS|KXEFLCUPGAME|KXEFLCUPSPREAD|KXEFLCUPTOTAL
26AUG08GILLUT,5,KXEFLCUPADVANCE|KXEFLCUPBTTS|KXEFLCUPGAME|KXEFLCUPSPREAD|KXEFLCUPTOTAL
26AUG08FLECHE,5,KXEFLCUPADVANCE|KXEFLCUPBTTS|KXEFLCUPGAME|KXEFLCUPSPREAD|KXEFLCUPTOTAL
26AUG08DERLIC,5,KXEFLCUPADVANCE|KXEFLCUPBTTS|KXEFLCUPGAME|KXEFLCUPSPREAD|KXEFLCUPTOTAL
26AUG08CREACS,5,KXEFLCUPADVANCE|KXEFLCUPBTTS|KXEFLCUPGAME|KXEFLCUPSPREAD|KXEFLCUPTOTAL
26AUG08CARSWI,5,KXEFLCUPADVANCE|KXEFLCUPBTTS|KXEFLCUPGAME|KXEFLCUPSPREAD|KXEFLCUPTOTAL
26AUG08BURNOC,5,KXEFLCUPADVANCE|KXEFLCUPBTTS|KXEFLCUPGAME|KXEFLCUPSPREAD|KXEFLCUPTOTAL
26AUG08BURABLA,5,KXEFLCUPADVANCE|KXEFLCUPBTTS|KXEFLCUPGAME|KXEFLCUPSPREAD|KXEFLCUPTOTAL
26AUG08BRPET,5,KXEFLCUPADVANCE|KXEFLCUPBTTS|KXEFLCUPGAME|KXEFLCUPSPREAD|KXEFLCUPTOTAL
26AUG08BROREA,5,KXEFLCUPADVANCE|KXEFLCUPBTTS|KXEFLCUPGAME|KXEFLCUPSPREAD|KXEFLCUPTOTAL
26AUG08BRAROC,5,KXEFLCUPADVANCE|KXEFLCUPBTTS|KXEFLCUPGAME|KXEFLCUPSPREAD|KXEFLCUPTOTAL
26AUG08BARWIG,5,KXEFLCUPADVANCE|KXEFLCUPBTTS|KXEFLCUPGAME|KXEFLCUPSPREAD|KXEFLCUPTOTAL
26AUG08QPRMIL,5,KXEFLCUPADVANCE|KXEFLCUPBTTS|KXEFLCUPGAME|KXEFLCUPSPREAD|KXEFLCUPTOTAL
26AUG08CAMBAR,5,KXEFLCUPADVANCE|KXEFLCUPBTTS|KXEFLCUPGAME|KXEFLCUPSPREAD|KXEFLCUPTOTAL
26AUG07MIDWRE,5,KXEFLCUPADVANCE|KXEFLCUPBTTS|KXEFLCUPGAME|KXEFLCUPSPREAD|KXEFLCUPTOTAL
26AUG07WYWSTE,5,KXEFLCUPADVANCE|KXEFLCUPBTTS|KXEFLCUPGAME|KXEFLCUPSPREAD|KXEFLCUPTOTAL
26AUG07WOLPVA,5,KXEFLCUPADVANCE|KXEFLCUPBTTS|KXEFLCUPGAME|KXEFLCUPSPREAD|KXEFLCUPTOTAL
26AUG05JUVTOR,5,KXUCLWADVANCE|KXUCLWBTTS|KXUCLWGAME|KXUCLWSPREAD|KXUCLWTOTAL
26AUG05SLARFC,5,KXUCLWADVANCE|KXUCLWBTTS|KXUCLWGAME|KXUCLWSPREAD|KXUCLWTOTAL
26AUG05KFVSMY,5,KXUCLWADVANCE|KXUCLWBTTS|KXUCLWGAME|KXUCLWSPREAD|KXUCLWTOTAL
26AUG05OHLZFK,5,KXUCLWADVANCE|KXUCLWBTTS|KXUCLWGAME|KXUCLWSPREAD|KXUCLWTOTAL
26AUG05SGEONI,5,KXUCLWADVANCE|KXUCLWBTTS|KXUCLWGAME|KXUCLWSPREAD|KXUCLWTOTAL
26AUG05RFCHJK,5,KXUCLWADVANCE|KXUCLWBTTS|KXUCLWGAME|KXUCLWSPREAD|KXUCLWTOTAL
26AUG05KOERIG,5,KXUCLWADVANCE|KXUCLWBTTS|KXUCLWGAME|KXUCLWSPREAD|KXUCLWTOTAL
26AUG05STPBYF,5,KXUCLWADVANCE|KXUCLWBTTS|KXUCLWGAME|KXUCLWSPREAD|KXUCLWTOTAL
26AUG05MURFAR,5,KXUCLWADVANCE|KXUCLWBTTS|KXUCLWGAME|KXUCLWSPREAD|KXUCLWTOTAL
26AUG05FTCPAO,5,KXUCLWADVANCE|KXUCLWBTTS|KXUCLWGAME|KXUCLWSPREAD|KXUCLWTOTAL
26AUG05APOCZS,5,KXUCLWADVANCE|KXUCLWBTTS|KXUCLWGAME|KXUCLWSPREAD|KXUCLWTOTAL
26AUG05HAMAPO,5,KXUCLWADVANCE|KXUCLWBTTS|KXUCLWGAME|KXUCLWSPREAD|KXUCLWTOTAL
26AUG05GINHOM,5,KXUCLWADVANCE|KXUCLWBTTS|KXUCLWGAME|KXUCLWSPREAD|KXUCLWTOTAL
26AUG05AJABRO,5,KXUCLWADVANCE|KXUCLWBTTS|KXUCLWGAME|KXUCLWSPREAD|KXUCLWTOTAL
26AUG05SCPSEA,5,KXUCLWADVANCE|KXUCLWBTTS|KXUCLWGAME|KXUCLWSPREAD|KXUCLWTOTAL
26AUG05VALMAL,5,KXUCLWADVANCE|KXUCLWBTTS|KXUCLWGAME|KXUCLWSPREAD|KXUCLWTOTAL
26AUG05SFKPSV,5,KXUCLWADVANCE|KXUCLWBTTS|KXUCLWGAME|KXUCLWSPREAD|KXUCLWTOTAL
26AUG05METFEN,5,KXUCLWADVANCE|KXUCLWBTTS|KXUCLWGAME|KXUCLWSPREAD|KXUCLWTOTAL
26AUG05FAKZNK,5,KXUCLWADVANCE|KXUCLWBTTS|KXUCLWGAME|KXUCLWSPREAD|KXUCLWTOTAL
26AUG05BRAKFF,5,KXUCLWADVANCE|KXUCLWBTTS|KXUCLWGAME|KXUCLWSPREAD|KXUCLWTOTAL
26AUG04BREAKT,5,KXUCLWADVANCE|KXUCLWBTTS|KXUCLWGAME|KXUCLWSPREAD|KXUCLWTOTAL
26AUG04DINSER,5,KXUCLWADVANCE|KXUCLWBTTS|KXUCLWGAME|KXUCLWSPREAD|KXUCLWTOTAL
26AUG09AMEPOR,4,KXLEAGUESCUPBTTS|KXLEAGUESCUPGAME|KXLEAGUESCUPSPREAD|KXLEAGUESCUPTOTAL
26AUG09SDTIJ,4,KXLEAGUESCUPBTTS|KXLEAGUESCUPGAME|KXLEAGUESCUPSPREAD|KXLEAGUESCUPTOTAL
26AUG09ATXPUE,4,KXLEAGUESCUPBTTS|KXLEAGUESCUPGAME|KXLEAGUESCUPSPREAD|KXLEAGUESCUPTOTAL
26AUG09NSHASL,4,KXLEAGUESCUPBTTS|KXLEAGUESCUPGAME|KXLEAGUESCUPSPREAD|KXLEAGUESCUPTOTAL
26AUG09CHISLA,4,KXLEAGUESCUPBTTS|KXLEAGUESCUPGAME|KXLEAGUESCUPSPREAD|KXLEAGUESCUPTOTAL
26AUG08THAMYA,4,KXASEANBTTS|KXASEANGAME|KXASEANSPREAD|KXASEANTOTAL
26AUG08MASPHI,4,KXASEANBTTS|KXASEANGAME|KXASEANSPREAD|KXASEANTOTAL
26AUG07VIECAM,4,KXASEANBTTS|KXASEANGAME|KXASEANSPREAD|KXASEANTOTAL
26AUG07SININA,4,KXASEANBTTS|KXASEANGAME|KXASEANSPREAD|KXASEANTOTAL
26AUG070530SSGNCD,4,KXKBOGAME|KXKBORFI|KXKBOSPREAD|KXKBOTOTAL
26AUG070530LOTKTW,4,KXKBOGAME|KXKBORFI|KXKBOSPREAD|KXKBOTOTAL
26AUG070530KIWHAN,4,KXKBOGAME|KXKBORFI|KXKBOSPREAD|KXKBOTOTAL
26AUG070530KIALG,4,KXKBOGAME|KXKBORFI|KXKBOSPREAD|KXKBOTOTAL
26AUG070530DOOSAM,4,KXKBOGAME|KXKBORFI|KXKBOSPREAD|KXKBOTOTAL
26AUG070500YAKYOM,4,KXNPBGAME|KXNPBRFI|KXNPBSPREAD|KXNPBTOTAL
26AUG070500TOHHOK,4,KXNPBGAME|KXNPBRFI|KXNPBSPREAD|KXNPBTOTAL
26AUG070500ORICHI,4,KXNPBGAME|KXNPBRFI|KXNPBSPREAD|KXNPBTOTAL
26AUG070500HIRYOK,4,KXNPBGAME|KXNPBRFI|KXNPBSPREAD|KXNPBTOTAL
26AUG070500FUKSAI,4,KXNPBGAME|KXNPBRFI|KXNPBSPREAD|KXNPBTOTAL
26AUG070500CHUHAN,4,KXNPBGAME|KXNPBRFI|KXNPBSPREAD|KXNPBTOTAL
26AUG06TORPDX,4,KXWNBA1HWINNER|KXWNBA2HWINNER|KXWNBAGAME|KXWNBAOT
26AUG06LENCOR,4,KXLIGAEXPBTTS|KXLIGAEXPGAME|KXLIGAEXPSPREAD|KXLIGAEXPTOTAL
26AUG06DRDMZA,4,KXLIGAEXPBTTS|KXLIGAEXPGAME|KXLIGAEXPSPREAD|KXLIGAEXPTOTAL
26AUG06LAMIN,4,KXWNBA1HWINNER|KXWNBA2HWINNER|KXWNBAGAME|KXWNBAOT
26AUG06UNILAN,4,KXARGPREMDIVBTTS|KXARGPREMDIVGAME|KXARGPREMDIVSPREAD|KXARGPREMDIVTOTAL
26AUG06CHIALI,4,KXDIMAYORBTTS|KXDIMAYORGAME|KXDIMAYORSPREAD|KXDIMAYORTOTAL
26AUG06AATCIE,4,KXPERLIGA1BTTS|KXPERLIGA1GAME|KXPERLIGA1SPREAD|KXPERLIGA1TOTAL
26AUG06TRFDRI,4,KXUECLBTTS|KXUECLGAME|KXUECLSPREAD|KXUECLTOTAL
26AUG06PARTOB,4,KXUECLBTTS|KXUECLGAME|KXUECLSPREAD|KXUECLTOTAL
26AUG06HIBSHK,4,KXUECLBTTS|KXUECLGAME|KXUECLSPREAD|KXUECLTOTAL
26AUG06RIJILV,4,KXUECLBTTS|KXUECLGAME|KXUECLSPREAD|KXUECLTOTAL
26AUG06BOHFCM,4,KXUECLBTTS|KXUECLGAME|KXUECLSPREAD|KXUECLTOTAL
26AUG06VALNJA,4,KXUECLBTTS|KXUECLGAME|KXUECLSPREAD|KXUECLTOTAL
26AUG06LUGNSI,4,KXUECLBTTS|KXUECLGAME|KXUECLSPREAD|KXUECLTOTAL
26AUG06BRADMI,4,KXUECLBTTS|KXUECLGAME|KXUECLSPREAD|KXUECLTOTAL
26AUG06BBLMAX,4,KXUECLBTTS|KXUECLGAME|KXUECLSPREAD|KXUECLTOTAL
26AUG06TWEDDS,4,KXUECLBTTS|KXUECLGAME|KXUECLSPREAD|KXUECLTOTAL
26AUG06HTAKAT,4,KXUECLBTTS|KXUECLGAME|KXUECLSPREAD|KXUECLTOTAL
26AUG06AJASHE,4,KXUECLBTTS|KXUECLGAME|KXUECLSPREAD|KXUECLTOTAL
26AUG06BEIFAK,4,KXUECLBTTS|KXUECLGAME|KXUECLSPREAD|KXUECLTOTAL
26AUG06ZALHAJ,4,KXUECLBTTS|KXUECLGAME|KXUECLSPREAD|KXUECLTOTAL
26AUG06SHFSTG,4,KXUECLBTTS|KXUECLGAME|KXUECLSPREAD|KXUECLTOTAL
26AUG06RFCGYO,4,KXUECLBTTS|KXUECLGAME|KXUECLSPREAD|KXUECLTOTAL
26AUG06IFKKAA,4,KXUECLBTTS|KXUECLGAME|KXUECLSPREAD|KXUECLTOTAL
26AUG06ESCTAF,4,KXUECLBTTS|KXUECLGAME|KXUECLSPREAD|KXUECLTOTAL
26AUG06DYKQAR,4,KXUECLBTTS|KXUECLGAME|KXUECLSPREAD|KXUECLTOTAL
26AUG06DEBFCC,4,KXUECLBTTS|KXUECLGAME|KXUECLSPREAD|KXUECLTOTAL
26AUG06CZEHIF,4,KXUECLBTTS|KXUECLGAME|KXUECLSPREAD|KXUECLTOTAL
26AUG06CFRTIL,4,KXUECLBTTS|KXUECLGAME|KXUECLSPREAD|KXUECLTOTAL
26AUG06PAISCR,4,KXUECLBTTS|KXUECLGAME|KXUECLSPREAD|KXUECLTOTAL
26AUG06HJKMOT,4,KXUECLBTTS|KXUECLGAME|KXUECLSPREAD|KXUECLTOTAL
26AUG06FKJRFS,4,KXUECLBTTS|KXUECLGAME|KXUECLSPREAD|KXUECLTOTAL
26AUG06FCNSIO,4,KXUECLBTTS|KXUECLGAME|KXUECLSPREAD|KXUECLTOTAL
26AUG06INTVAD,4,KXUECLBTTS|KXUECLGAME|KXUECLSPREAD|KXUECLTOTAL
26AUG060530NCDDOO,4,KXKBOGAME|KXKBORFI|KXKBOSPREAD|KXKBOTOTAL
26AUG060530LGSSG,4,KXKBOGAME|KXKBORFI|KXKBOSPREAD|KXKBOTOTAL
26AUG060530KTWKIA,4,KXKBOGAME|KXKBORFI|KXKBOSPREAD|KXKBOTOTAL
26AUG060530KIWLOT,4,KXKBOGAME|KXKBORFI|KXKBOSPREAD|KXKBOTOTAL
26AUG060530HANSAM,4,KXKBOGAME|KXKBORFI|KXKBOSPREAD|KXKBOTOTAL
26AUG060500YOMHIR,4,KXNPBGAME|KXNPBRFI|KXNPBSPREAD|KXNPBTOTAL
26AUG060500YAKCHU,4,KXNPBGAME|KXNPBRFI|KXNPBSPREAD|KXNPBTOTAL
26AUG060500TOHORI,4,KXNPBGAME|KXNPBRFI|KXNPBSPREAD|KXNPBTOTAL
26AUG060500HOKFUK,4,KXNPBGAME|KXNPBRFI|KXNPBSPREAD|KXNPBTOTAL
26AUG060445HANYOK,4,KXNPBGAME|KXNPBRFI|KXNPBSPREAD|KXNPBTOTAL
26AUG05DENNCC,4,KXNWSLBTTS|KXNWSLGAME|KXNWSLSPREAD|KXNWSLTOTAL
26AUG05OCAME,4,KXDIMAYORBTTS|KXDIMAYORGAME|KXDIMAYORSPREAD|KXDIMAYORTOTAL
26AUG05TIGCAB,4,KXARGPREMDIVBTTS|KXARGPREMDIVGAME|KXARGPREMDIVSPREAD|KXARGPREMDIVTOTAL
26AUG05INTJAG,4,KXDIMAYORBTTS|KXDIMAYORGAME|KXDIMAYORSPREAD|KXDIMAYORTOTAL
26AUG05QUIGEJ,4,KXARGNACBBTTS|KXARGNACBGAME|KXARGNACBSPREAD|KXARGNACBTOTAL
26AUG05BOCELP,4,KXARGPREMDIVBTTS|KXARGPREMDIVGAME|KXARGPREMDIVSPREAD|KXARGPREMDIVTOTAL
26AUG05MALPSG,4,KXCLUBFBTTS|KXCLUBFGAME|KXCLUBFSPREAD|KXCLUBFTOTAL
26AUG05CIEMUR,4,KXCLUBFBTTS|KXCLUBFGAME|KXCLUBFSPREAD|KXCLUBFTOTAL
26AUG05BADCOR,4,KXCLUBFBTTS|KXCLUBFGAME|KXCLUBFSPREAD|KXCLUBFTOTAL
26AUG05ARSRBB,4,KXCLUBFBTTS|KXCLUBFGAME|KXCLUBFSPREAD|KXCLUBFTOTAL
26AUG05SASRCC,4,KXCLUBFBTTS|KXCLUBFGAME|KXCLUBFSPREAD|KXCLUBFTOTAL
26AUG05CACGUA,4,KXCLUBFBTTS|KXCLUBFGAME|KXCLUBFSPREAD|KXCLUBFTOTAL
26AUG05ALMGYT,4,KXARGNACBBTTS|KXARGNACBGAME|KXARGNACBSPREAD|KXARGNACBTOTAL
26AUG05SIECAU,4,KXCLUBFBTTS|KXCLUBFGAME|KXCLUBFSPREAD|KXCLUBFTOTAL
26AUG05LEOAVI,4,KXCLUBFBTTS|KXCLUBFGAME|KXCLUBFSPREAD|KXCLUBFTOTAL
26AUG05SWZFCA,4,KXCLUBFBTTS|KXCLUBFGAME|KXCLUBFSPREAD|KXCLUBFTOTAL
26AUG05SEGVLL,4,KXCLUBFBTTS|KXCLUBFGAME|KXCLUBFSPREAD|KXCLUBFTOTAL
26AUG05PONUNI,4,KXCLUBFBTTS|KXCLUBFGAME|KXCLUBFSPREAD|KXCLUBFTOTAL
26AUG05MANESP,4,KXCLUBFBTTS|KXCLUBFGAME|KXCLUBFSPREAD|KXCLUBFTOTAL
26AUG05NAPOSA,4,KXCLUBFBTTS|KXCLUBFGAME|KXCLUBFSPREAD|KXCLUBFTOTAL
26AUG05LAZOST,4,KXCLUBFBTTS|KXCLUBFGAME|KXCLUBFSPREAD|KXCLUBFTOTAL
26AUG05BRISTB,4,KXCLUBFBTTS|KXCLUBFGAME|KXCLUBFSPREAD|KXCLUBFTOTAL
26AUG05PIAAQU,4,KXCLUBFBTTS|KXCLUBFGAME|KXCLUBFSPREAD|KXCLUBFTOTAL
26AUG05ENTNOV,4,KXCLUBFBTTS|KXCLUBFGAME|KXCLUBFSPREAD|KXCLUBFTOTAL
26AUG05CFCJUV,4,KXCLUBFBTTS|KXCLUBFGAME|KXCLUBFSPREAD|KXCLUBFTOTAL
26AUG05KLAMCI,4,KXCLUBFBTTS|KXCLUBFGAME|KXCLUBFSPREAD|KXCLUBFTOTAL
26AUG05ACMINT,4,KXCLUBFBTTS|KXCLUBFGAME|KXCLUBFSPREAD|KXCLUBFTOTAL
26AUG050530NCDDOO,4,KXKBOGAME|KXKBORFI|KXKBOSPREAD|KXKBOTOTAL
26AUG050530LGSSG,4,KXKBOGAME|KXKBORFI|KXKBOSPREAD|KXKBOTOTAL
26AUG050530KTWKIA,4,KXKBOGAME|KXKBORFI|KXKBOSPREAD|KXKBOTOTAL
26AUG050530KIWLOT,4,KXKBOGAME|KXKBORFI|KXKBOSPREAD|KXKBOTOTAL
26AUG050530HANSAM,4,KXKBOGAME|KXKBORFI|KXKBOSPREAD|KXKBOTOTAL
26AUG050500YOMHIR,4,KXNPBGAME|KXNPBRFI|KXNPBSPREAD|KXNPBTOTAL
26AUG050500YAKCHU,4,KXNPBGAME|KXNPBRFI|KXNPBSPREAD|KXNPBTOTAL
26AUG050500TOHORI,4,KXNPBGAME|KXNPBRFI|KXNPBSPREAD|KXNPBTOTAL
26AUG050500SAICHI,4,KXNPBGAME|KXNPBRFI|KXNPBSPREAD|KXNPBTOTAL
26AUG050500HOKFUK,4,KXNPBGAME|KXNPBRFI|KXNPBSPREAD|KXNPBTOTAL
26AUG050445HANYOK,4,KXNPBGAME|KXNPBRFI|KXNPBSPREAD|KXNPBTOTAL
26AUG05GIMLUA,4,KXCLUBFBTTS|KXCLUBFGAME|KXCLUBFSPREAD|KXCLUBFTOTAL
26AUG04MILPAS,4,KXDIMAYORBTTS|KXDIMAYORGAME|KXDIMAYORSPREAD|KXDIMAYORTOTAL
26AUG04TOLDIM,4,KXDIMAYORBTTS|KXDIMAYORGAME|KXDIMAYORSPREAD|KXDIMAYORTOTAL
26AUG04TACPOR,4,KXVENFUTVEBTTS|KXVENFUTVEGAME|KXVENFUTVESPREAD|KXVENFUTVETOTAL
26AUG04LLAFOR,4,KXDIMAYORBTTS|KXDIMAYORGAME|KXDIMAYORSPREAD|KXDIMAYORTOTAL
26AUG04CFCTRU,4,KXVENFUTVEBTTS|KXVENFUTVEGAME|KXVENFUTVESPREAD|KXVENFUTVETOTAL
26AUG04DUCDE,4,KXATPEXACTMATCH|KXATPGSPREAD|KXATPGTOTAL|KXATPMATCH
26AUG04IPSHAC,4,KXCLUBFBTTS|KXCLUBFGAME|KXCLUBFSPREAD|KXCLUBFTOTAL
26AUG04ROTDER,4,KXCLUBFBTTS|KXCLUBFGAME|KXCLUBFSPREAD|KXCLUBFTOTAL
26AUG04ENFTOT,4,KXCLUBFBTTS|KXCLUBFGAME|KXCLUBFSPREAD|KXCLUBFTOTAL
26AUG04NCROM,4,KXCLUBFBTTS|KXCLUBFGAME|KXCLUBFSPREAD|KXCLUBFTOTAL
26AUG04TENTAM,4,KXCLUBFBTTS|KXCLUBFGAME|KXCLUBFSPREAD|KXCLUBFTOTAL
26AUG04NOORIJ,4,KXCLUBFBTTS|KXCLUBFGAME|KXCLUBFSPREAD|KXCLUBFTOTAL
26AUG04LEHKOP,4,KXATPEXACTMATCH|KXATPGSPREAD|KXATPGTOTAL|KXATPMATCH
26AUG04LEGALR,4,KXCLUBFBTTS|KXCLUBFGAME|KXCLUBFSPREAD|KXCLUBFTOTAL
26AUG04HUEUDL,4,KXCLUBFBTTS|KXCLUBFGAME|KXCLUBFSPREAD|KXCLUBFTOTAL
26AUG04CDEVIL,4,KXCLUBFBTTS|KXCLUBFGAME|KXCLUBFSPREAD|KXCLUBFTOTAL
26AUG04RCSSVE,4,KXCLUBFBTTS|KXCLUBFGAME|KXCLUBFSPREAD|KXCLUBFTOTAL
26AUG04TERSCC,4,KXCLUBFBTTS|KXCLUBFGAME|KXCLUBFSPREAD|KXCLUBFTOTAL
26AUG03SHARUB,4,KXATPEXACTMATCH|KXATPGSPREAD|KXATPGTOTAL|KXATPMATCH
26AUG03MUNBLO,4,KXATPEXACTMATCH|KXATPGSPREAD|KXATPGTOTAL|KXATPMATCH
26AUG04PHITHA,4,KXASEANBTTS|KXASEANGAME|KXASEANSPREAD|KXASEANTOTAL
26AUG04PAUAVL,4,KXCLUBFBTTS|KXCLUBFGAME|KXCLUBFSPREAD|KXCLUBFTOTAL
26AUG04JEJBMU,4,KXCLUBFBTTS|KXCLUBFGAME|KXCLUBFSPREAD|KXCLUBFTOTAL
26AUG04MYALAO,4,KXASEANBTTS|KXASEANGAME|KXASEANSPREAD|KXASEANTOTAL
26AUG040530NCDDOO,4,KXKBOGAME|KXKBORFI|KXKBOSPREAD|KXKBOTOTAL
26AUG040530LGSSG,4,KXKBOGAME|KXKBORFI|KXKBOSPREAD|KXKBOTOTAL
26AUG040530KTWKIA,4,KXKBOGAME|KXKBORFI|KXKBOSPREAD|KXKBOTOTAL
26AUG040530KIWLOT,4,KXKBOGAME|KXKBORFI|KXKBOSPREAD|KXKBOTOTAL
26AUG040530HANSAM,4,KXKBOGAME|KXKBORFI|KXKBOSPREAD|KXKBOTOTAL
26AUG040500YOMHIR,4,KXNPBGAME|KXNPBRFI|KXNPBSPREAD|KXNPBTOTAL
26AUG040500YAKCHU,4,KXNPBGAME|KXNPBRFI|KXNPBSPREAD|KXNPBTOTAL
26AUG040500SAICHI,4,KXNPBGAME|KXNPBRFI|KXNPBSPREAD|KXNPBTOTAL
26AUG040500HOKFUK,4,KXNPBGAME|KXNPBRFI|KXNPBSPREAD|KXNPBTOTAL
26AUG040445HANYOK,4,KXNPBGAME|KXNPBRFI|KXNPBSPREAD|KXNPBTOTAL
26AUG03POPBUR,4,KXATPEXACTMATCH|KXATPGSPREAD|KXATPGTOTAL|KXATPMATCH
26AUG03MOCMAR,4,KXATPEXACTMATCH|KXATPGSPREAD|KXATPGTOTAL|KXATPMATCH
26AUG03HURGIR,4,KXATPEXACTMATCH|KXATPGSPREAD|KXATPGTOTAL|KXATPMATCH
26AUG03FEAMAN,4,KXATPEXACTMATCH|KXATPGSPREAD|KXATPGTOTAL|KXATPMATCH
26AUG03DAMTSI,4,KXATPEXACTMATCH|KXATPGSPREAD|KXATPGTOTAL|KXATPMATCH
26AUG03CHATIR,4,KXATPEXACTMATCH|KXATPGSPREAD|KXATPGTOTAL|KXATPMATCH
26AUG01SVASHA,4,KXATPEXACTMATCH|KXATPGSPREAD|KXATPGTOTAL|KXATPMATCH
26AUG01SONGRI,4,KXATPEXACTMATCH|KXATPGSPREAD|KXATPGTOTAL|KXATPMATCH
26AUG01MPEVAN,4,KXATPEXACTMATCH|KXATPGSPREAD|KXATPGTOTAL|KXATPMATCH
26AUG01MERDRA,4,KXATPEXACTMATCH|KXATPGSPREAD|KXATPGTOTAL|KXATPMATCH
26AUG01CERMED,4,KXATPEXACTMATCH|KXATPGSPREAD|KXATPGTOTAL|KXATPMATCH
26AUG01CARROY,4,KXATPEXACTMATCH|KXATPGSPREAD|KXATPGTOTAL|KXATPMATCH
26AUG01BAEBEL,4,KXATPEXACTMATCH|KXATPGSPREAD|KXATPGTOTAL|KXATPMATCH
26AUG01ATMDRA,4,KXATPEXACTMATCH|KXATPGSPREAD|KXATPGTOTAL|KXATPMATCH
26AUG020500KIANCD,4,KXKBOGAME|KXKBORFI|KXKBOSPREAD|KXKBOTOTAL
26JUL25CHICAN,4,KXDIMAYORBTTS|KXDIMAYORGAME|KXDIMAYORSPREAD|KXDIMAYORTOTAL
26JUL25COQUCO,4,KXCHLLDPBTTS|KXCHLLDPGAME|KXCHLLDPSPREAD|KXCHLLDPTOTAL
27JAN01,3,KXFIFALEAVE|KXFLOYDTYSONFIGHT|KXRMALEAVE
26SEP14DENKC,3,KXNFLGAME|KXNFLSPREAD|KXNFLTOTAL
26SEP13DALNYG,3,KXNFLGAME|KXNFLSPREAD|KXNFLTOTAL
26SEP13WASPHI,3,KXNFLGAME|KXNFLSPREAD|KXNFLTOTAL
26SEP13MIALV,3,KXNFLGAME|KXNFLSPREAD|KXNFLTOTAL
26SEP13GBMIN,3,KXNFLGAME|KXNFLSPREAD|KXNFLTOTAL
26SEP13ARILAC,3,KXNFLGAME|KXNFLSPREAD|KXNFLTOTAL
26SEP13TBCIN,3,KXNFLGAME|KXNFLSPREAD|KXNFLTOTAL
26SEP13NYJTEN,3,KXNFLGAME|KXNFLSPREAD|KXNFLTOTAL
26SEP13NODET,3,KXNFLGAME|KXNFLSPREAD|KXNFLTOTAL
26SEP13CLEJAC,3,KXNFLGAME|KXNFLSPREAD|KXNFLTOTAL
26SEP13CHICAR,3,KXNFLGAME|KXNFLSPREAD|KXNFLTOTAL
26SEP13BUFHOU,3,KXNFLGAME|KXNFLSPREAD|KXNFLTOTAL
26SEP13BALIND,3,KXNFLGAME|KXNFLSPREAD|KXNFLTOTAL
26SEP13ATLPIT,3,KXNFLGAME|KXNFLSPREAD|KXNFLTOTAL
26SEP10SFLAR,3,KXNFLGAME|KXNFLSPREAD|KXNFLTOTAL
26SEP09NESEA,3,KXNFLGAME|KXNFLSPREAD|KXNFLTOTAL
26AUG08EDMMTL,3,KXCFLGAME|KXCFLSPREAD|KXCFLTOTAL
26AUG07OTTSSK,3,KXCFLGAME|KXCFLSPREAD|KXCFLTOTAL
26AUG062140SDAZ,3,KXMLBEXTRAS|KXMLBGAME|KXMLBRFI
26AUG061940MINKC,3,KXMLBEXTRAS|KXMLBGAME|KXMLBRFI
26AUG06CGYTOR,3,KXCFLGAME|KXCFLSPREAD|KXCFLTOTAL
26AUG061915MIAATL,3,KXMLBEXTRAS|KXMLBGAME|KXMLBRFI
26AUG061910CWSBOS,3,KXMLBEXTRAS|KXMLBGAME|KXMLBRFI
26AUG061805WSHPHI,3,KXMLBEXTRAS|KXMLBGAME|KXMLBRFI
26AUG061610DETSEA,3,KXMLBEXTRAS|KXMLBGAME|KXMLBRFI
26AUG061420TORCHC,3,KXMLBEXTRAS|KXMLBGAME|KXMLBRFI
26AUG061410PITMIL,3,KXMLBEXTRAS|KXMLBGAME|KXMLBRFI
26AUG061310NYMCLE,3,KXMLBEXTRAS|KXMLBGAME|KXMLBRFI
26AUG061240ATHCIN,3,KXMLBEXTRAS|KXMLBGAME|KXMLBRFI
26AUG061235LAABAL,3,KXMLBEXTRAS|KXMLBGAME|KXMLBRFI
26AUG052140SDAZ,3,KXMLBEXTRAS|KXMLBGAME|KXMLBRFI
26AUG052140DETSEA,3,KXMLBEXTRAS|KXMLBGAME|KXMLBRFI
26AUG051940PITMIL,3,KXMLBEXTRAS|KXMLBGAME|KXMLBRFI
26AUG051940MINKC,3,KXMLBEXTRAS|KXMLBGAME|KXMLBRFI
26AUG051915MIAATL,3,KXMLBEXTRAS|KXMLBGAME|KXMLBRFI
26AUG051910CWSBOS,3,KXMLBEXTRAS|KXMLBGAME|KXMLBRFI
26AUG051905STLNYY,3,KXMLBEXTRAS|KXMLBGAME|KXMLBRFI
26AUG051840WSHPHI,3,KXMLBEXTRAS|KXMLBGAME|KXMLBRFI
26AUG051840NYMCLE,3,KXMLBEXTRAS|KXMLBGAME|KXMLBRFI
26AUG051840ATHCIN,3,KXMLBEXTRAS|KXMLBGAME|KXMLBRFI
26AUG051835LAABAL,3,KXMLBEXTRAS|KXMLBGAME|KXMLBRFI
26AUG051510TBCOL,3,KXMLBEXTRAS|KXMLBGAME|KXMLBRFI
26AUG051435SFTEX,3,KXMLBEXTRAS|KXMLBGAME|KXMLBRFI
26AUG051420LADCHC,3,KXMLBEXTRAS|KXMLBGAME|KXMLBRFI
26AUG051410TORHOU,3,KXMLBEXTRAS|KXMLBGAME|KXMLBRFI
26AUG03GUETRI,3,KXARGNACBGAME|KXARGNACBSPREAD|KXARGNACBTOTAL
26AUG03WALBRO,3,KXATPGSPREAD|KXATPGTOTAL|KXATPMATCH
27JUL01,2,KXNFLOWNERSTAKE|KXSOCCERRETIRE
26DEC01,2,KXCOACHOUTMLB|KXNFLTRADE
26OCT02MSALAH,2,KXJOINCLUB|KXJOINLEAGUE
26AUG17PALLEC,2,KXCOPPAITALIAADVANCE|KXCOPPAITALIAGAME
26AUG17CRESAM,2,KXCOPPAITALIAADVANCE|KXCOPPAITALIAGAME
26AUG17SASCES,2,KXCOPPAITALIAADVANCE|KXCOPPAITALIAGAME
26AUG17PISEMP,2,KXCOPPAITALIAADVANCE|KXCOPPAITALIAGAME
26AUG16LAZMAN,2,KXCOPPAITALIAADVANCE|KXCOPPAITALIAGAME
26AUG16VERENT,2,KXCOPPAITALIAADVANCE|KXCOPPAITALIAGAME
26AUG16FROSTA,2,KXCOPPAITALIAADVANCE|KXCOPPAITALIAGAME
26AUG15TORCAR,2,KXCOPPAITALIAADVANCE|KXCOPPAITALIAGAME
26AUG15VENMOD,2,KXCOPPAITALIAADVANCE|KXCOPPAITALIAGAME
26AUG15UDIPAD,2,KXCOPPAITALIAADVANCE|KXCOPPAITALIAGAME
26AUG15USCFCS,2,KXCOPPAITALIAADVANCE|KXCOPPAITALIAGAME
26AUG14MONUSA,2,KXCOPPAITALIAADVANCE|KXCOPPAITALIAGAME
26AUG11JAZITJ,2,KXAFCCLADVANCE|KXAFCCLGAME
26AUG11PAKHUI,2,KXAFCCLADVANCE|KXAFCCLGAME
26AUG11GAWGAM,2,KXAFCCLADVANCE|KXAFCCLGAME
26AUG11ADUCON,2,KXAFCCLADVANCE|KXAFCCLGAME
26AUG08HAMBC,2,KXCFLGAME|KXCFLSPREAD
26AUG061430GNG3BL,2,KXLOLGAME|KXLOLTOTALMAPS
26AUG061400RLXSPK,2,KXLOLGAME|KXLOLTOTALMAPS
26AUG061400EXGZZG,2,KXLOLGAME|KXLOLTOTALMAPS
26AUG061400DYNFEC,2,KXLOLGAME|KXLOLTOTALMAPS
26AUG061330SUBGT,2,KXLOLGAME|KXLOLTOTALMAPS
26AUG061330BARFLK,2,KXLOLGAME|KXLOLTOTALMAPS
26AUG061300SECMYTH,2,KXLOLGAME|KXLOLTOTALMAPS
26AUG061300BIGROSS,2,KXLOLGAME|KXLOLTOTALMAPS
26AUG061200LPSTHE,2,KXLOLGAME|KXLOLTOTALMAPS
26AUG061200BAAMONE,2,KXLOLGAME|KXLOLTOTALMAPS
26AUG061100USEG2N,2,KXLOLGAME|KXLOLTOTALMAPS
26AUG061100UBHRTS,2,KXLOLGAME|KXLOLTOTALMAPS
26AUG061045PERBUS,2,KXCS2GAME|KXCS2TOTALMAPS
26AUG061030PHXDP,2,KXLOLGAME|KXLOLTOTALMAPS
26AUG061000MAYGAM,2,KXCS2GAME|KXCS2TOTALMAPS
26AUG061000JAMNAVIJ,2,KXCS2GAME|KXCS2TOTALMAPS
26AUG060800SHOPCH,2,KXCS2GAME|KXCS2TOTALMAPS
26AUG060700ALWE,2,KXLOLGAME|KXLOLTOTALMAPS
26AUG060700NAVIJESB,2,KXCS2GAME|KXCS2TOTALMAPS
26AUG060700JAMMAY,2,KXCS2GAME|KXCS2TOTALMAPS
26AUG060630EFAEAC,2,KXCS2GAME|KXCS2TOTALMAPS
26AUG060630BWVITA,2,KXCS2GAME|KXCS2TOTALMAPS
26AUG060600T1DK,2,KXLOLGAME|KXLOLTOTALMAPS
26AUG060500NIPIG,2,KXLOLGAME|KXLOLTOTALMAPS
26AUG060500GZSHG,2,KXLOLGAME|KXLOLTOTALMAPS
26AUG060400DNFDRX,2,KXLOLGAME|KXLOLTOTALMAPS
26AUG060400TTBSWRA,2,KXCS2GAME|KXCS2TOTALMAPS
26AUG060400EACEFA,2,KXCS2GAME|KXCS2TOTALMAPS
26AUG060300TTLGD,2,KXLOLGAME|KXLOLTOTALMAPS
26AUG060100T1ADNSC,2,KXLOLGAME|KXLOLTOTALMAPS
26AUG060100GENGABRO,2,KXLOLGAME|KXLOLTOTALMAPS
26AUG052000CPDNRG,2,KXLOLGAME|KXLOLTOTALMAPS
26AUG051700WUBLUE,2,KXLOLGAME|KXLOLTOTALMAPS
26AUG051700WDNORT,2,KXLOLGAME|KXLOLTOTALMAPS
26AUG051515MORREC,2,KXCS2GAME|KXCS2TOTALMAPS
26AUG051430DSANB,2,KXLOLGAME|KXLOLTOTALMAPS
26AUG051400RGMAS,2,KXLOLGAME|KXLOLTOTALMAPS
26AUG051400LPSSPK,2,KXLOLGAME|KXLOLTOTALMAPS
26AUG051400HYPEDOMI,2,KXLOLGAME|KXLOLTOTALMAPS
26AUG051400ABSSOR,2,KXLOLGAME|KXLOLTOTALMAPS
26AUG051330KOIAUCAM,2,KXLOLGAME|KXLOLTOTALMAPS
26AUG051330BWPCIFIC,2,KXLOLGAME|KXLOLTOTALMAPS
26AUG051300KHKTOG,2,KXLOLGAME|KXLOLTOTALMAPS
26AUG051300DV1BOM,2,KXLOLGAME|KXLOLTOTALMAPS
26AUG051300JAMGAM,2,KXCS2GAME|KXCS2TOTALMAPS
26AUG051300ESBMAY,2,KXCS2GAME|KXCS2TOTALMAPS
26AUG051230MOKREC,2,KXCS2GAME|KXCS2TOTALMAPS
26AUG051200THEHOOL,2,KXLOLGAME|KXLOLTOTALMAPS
26AUG051200PIVJSK,2,KXLOLGAME|KXLOLTOTALMAPS
26AUG051200EABRO,2,KXLOLGAME|KXLOLTOTALMAPS
26AUG051200APDMG,2,KXLOLGAME|KXLOLTOTALMAPS
26AUG051100LUAGXP,2,KXLOLGAME|KXLOLTOTALMAPS
26AUG051100FSKUPU,2,KXLOLGAME|KXLOLTOTALMAPS
26AUG051100EWISGE,2,KXLOLGAME|KXLOLTOTALMAPS
26AUG051030DIASHA,2,KXLOLGAME|KXLOLTOTALMAPS
26AUG051000NAVIJGAM,2,KXCS2GAME|KXCS2TOTALMAPS
26AUG051000ESBJAM,2,KXCS2GAME|KXCS2TOTALMAPS
26AUG050945WORSNA,2,KXCS2GAME|KXCS2TOTALMAPS
26AUG050945SHOLIX,2,KXCS2GAME|KXCS2TOTALMAPS
26AUG050700TESEDG,2,KXLOLGAME|KXLOLTOTALMAPS
26AUG050700PCHLIX,2,KXCS2GAME|KXCS2TOTALMAPS
26AUG050700MAYNAVIJ,2,KXCS2GAME|KXCS2TOTALMAPS
26AUG050700EXRBTF,2,KXCS2GAME|KXCS2TOTALMAPS
26AUG050700ESBGAM,2,KXCS2GAME|KXCS2TOTALMAPS
26AUG050630VITAPHANTOMACADEMY,2,KXCS2GAME|KXCS2TOTALMAPS
26AUG050630INNINF,2,KXCS2GAME|KXCS2TOTALMAPS
26AUG050600GENHLE,2,KXLOLGAME|KXLOLTOTALMAPS
26AUG050600TIMGRO,2,KXCS2GAME|KXCS2TOTALMAPS
26AUG050600ABYARC,2,KXCS2GAME|KXCS2TOTALMAPS
26AUG050500LGDJDG,2,KXLOLGAME|KXLOLTOTALMAPS
26AUG050400NSBRO,2,KXLOLGAME|KXLOLTOTALMAPS
26AUG050400NEWFNL,2,KXLOLGAME|KXLOLTOTALMAPS
26AUG050400FAZEUNDEP,2,KXCS2GAME|KXCS2TOTALMAPS
26AUG050400ENCEPINOX,2,KXCS2GAME|KXCS2TOTALMAPS
26AUG0504001WINCYB,2,KXCS2GAME|KXCS2TOTALMAPS
26AUG050100NSEADKC,2,KXLOLGAME|KXLOLTOTALMAPS
26AUG050100DRXCFOXY,2,KXLOLGAME|KXLOLTOTALMAPS
26AUG04DARDIA,2,KXATPEXACTMATCH|KXATPMATCH
26AUG041900MWBST,2,KXCS2GAME|KXCS2TOTALMAPS
26AUG04TIACIL,2,KXATPEXACTMATCH|KXATPMATCH
26AUG04NAKALT,2,KXATPEXACTMATCH|KXATPMATCH
26AUG041600MGMAZ,2,KXLOLGAME|KXLOLTOTALMAPS
26AUG041600MEIGLS,2,KXCS2GAME|KXCS2TOTALMAPS
26AUG0414303BLBAAM,2,KXLOLGAME|KXLOLTOTALMAPS
26AUG041430RUSGRE,2,KXCS2GAME|KXCS2TOTALMAPS
26AUG04VACNAV,2,KXATPEXACTMATCH|KXATPMATCH
26AUG04MEJMUS,2,KXATPEXACTMATCH|KXATPMATCH
26AUG04COBHAN,2,KXATPEXACTMATCH|KXATPMATCH
26AUG04BORETC,2,KXATPEXACTMATCH|KXATPMATCH
26AUG041400ZNTOUAT,2,KXLOLGAME|KXLOLTOTALMAPS
26AUG041400LPSRLX,2,KXLOLGAME|KXLOLTOTALMAPS
26AUG041330GXPUCAM,2,KXLOLGAME|KXLOLTOTALMAPS
26AUG041300USEVFB,2,KXLOLGAME|KXLOLTOTALMAPS
26AUG041300OADOC,2,KXLOLGAME|KXLOLTOTALMAPS
26AUG041300BANMCN,2,KXLOLGAME|KXLOLTOTALMAPS
26AUG041300INOXEF,2,KXCS2GAME|KXCS2TOTALMAPS
26AUG041300EXYUNITY,2,KXCS2GAME|KXCS2TOTALMAPS
26AUG041300EACFNC,2,KXCS2GAME|KXCS2TOTALMAPS
26AUG041300ALKAAUNO,2,KXCS2GAME|KXCS2TOTALMAPS
26AUG041230WORSHO,2,KXCS2GAME|KXCS2TOTALMAPS
26AUG041230RECBUS,2,KXCS2GAME|KXCS2TOTALMAPS
26AUG041200THEMGZ,2,KXLOLGAME|KXLOLTOTALMAPS
26AUG041200ANBPIV,2,KXLOLGAME|KXLOLTOTALMAPS
26AUG04KECRIN,2,KXATPEXACTMATCH|KXATPMATCH
26AUG04DROAUG,2,KXATPEXACTMATCH|KXATPMATCH
26AUG041100KOIAUB,2,KXLOLGAME|KXLOLTOTALMAPS
26AUG041100BIGES,2,KXLOLGAME|KXLOLTOTALMAPS
26AUG041100BCELDS,2,KXLOLGAME|KXLOLTOTALMAPS
26AUG041000G1NEMI,2,KXCS2GAME|KXCS2TOTALMAPS
26AUG041000EXGYAW,2,KXCS2GAME|KXCS2TOTALMAPS
26AUG041000ENJOYJUS,2,KXCS2GAME|KXCS2TOTALMAPS
26AUG0410009INELIQ,2,KXCS2GAME|KXCS2TOTALMAPS
26AUG040945WORPCH,2,KXCS2GAME|KXCS2TOTALMAPS
26AUG040900LEOBW,2,KXCS2GAME|KXCS2TOTALMAPS
26AUG040900EXMANABMB,2,KXCS2GAME|KXCS2TOTALMAPS
26AUG040700SNAPCH,2,KXCS2GAME|KXCS2TOTALMAPS
26AUG040700PHASASHI,2,KXCS2GAME|KXCS2TOTALMAPS
26AUG040700NEWEXR,2,KXCS2GAME|KXCS2TOTALMAPS
26AUG040700APOGEEACE,2,KXCS2GAME|KXCS2TOTALMAPS
26AUG040630DRXBRO,2,KXLOLGAME|KXLOLTOTALMAPS
26AUG040630SINVPP,2,KXCS2GAME|KXCS2TOTALMAPS
26AUG040630INNENCEP,2,KXCS2GAME|KXCS2TOTALMAPS
26AUG040600KTCT1A,2,KXLOLGAME|KXLOLTOTALMAPS
26AUG040600MFFIN,2,KXCS2GAME|KXCS2TOTALMAPS
26AUG040600FURRSTR,2,KXCS2GAME|KXCS2TOTALMAPS
26AUG040415DNFGEN,2,KXLOLGAME|KXLOLTOTALMAPS
26AUG040400HLEGENGA,2,KXLOLGAME|KXLOLTOTALMAPS
26AUG040400STAINF,2,KXCS2GAME|KXCS2TOTALMAPS
26AUG040400PHANTOMACADEMYPSNA,2,KXCS2GAME|KXCS2TOTALMAPS
26AUG040400JUSNTR,2,KXCS2GAME|KXCS2TOTALMAPS
26AUG040400JSG2A,2,KXCS2GAME|KXCS2TOTALMAPS
26AUG040200HLET1,2,KXLOLGAME|KXLOLTOTALMAPS
26AUG031700REDAODK,2,KXCS2GAME|KXCS2TOTALMAPS
26AUG030400STAB8A,2,KXCS2GAME|KXCS2TOTALMAPS
