race_key,n_families,members
VA06,4,margin:KXMIDTERMMOV-VA06D|margin:KXMIDTERMMOV-VA06R|turnout:KXMIDTERMVOTETURN-VA06|winner:KXHOUSERACE-VA06-26
VA05,4,margin:KXMIDTERMMOV-VA05D|margin:KXMIDTERMMOV-VA05R|turnout:KXMIDTERMVOTETURN-VA05|winner:KXHOUSERACE-VA05-26
TX34,4,margin:KXMIDTERMMOV-TX34D|margin:KXMIDTERMMOV-TX34R|turnout:KXMIDTERMVOTETURN-TX34|winner:HOUSETX34-26
TX28,4,margin:KXMIDTERMMOV-TX28D|margin:KXMIDTERMMOV-TX28R|turnout:KXMIDTERMVOTETURN-TX28|winner:HOUSETX28-26
TX23,4,margin:KXMIDTERMMOV-TX23D|margin:KXMIDTERMMOV-TX23R|turnout:KXMIDTERMVOTETURN-TX23|winner:KXHOUSERACE-TX23-26
TX15,4,margin:KXMIDTERMMOV-TX15D|margin:KXMIDTERMMOV-TX15R|turnout:KXMIDTERMVOTETURN-TX15|winner:HOUSETX15-26
TN05,4,margin:KXMIDTERMMOV-TN05D|margin:KXMIDTERMMOV-TN05R|turnout:KXMIDTERMVOTETURN-TN05|winner:KXHOUSERACE-TN05-26
SC01,4,margin:KXMIDTERMMOV-SC01D|margin:KXMIDTERMMOV-SC01R|turnout:KXMIDTERMVOTETURN-SC01|winner:KXHOUSERACE-SC01-26
PA10,4,margin:KXMIDTERMMOV-PA10D|margin:KXMIDTERMMOV-PA10R|turnout:KXMIDTERMVOTETURN-PA10|winner:HOUSEPA10-26
OH15,4,margin:KXMIDTERMMOV-OH15D|margin:KXMIDTERMMOV-OH15R|turnout:KXMIDTERMVOTETURN-OH15|winner:KXHOUSERACE-OH15-26
OH10,4,margin:KXMIDTERMMOV-OH10D|margin:KXMIDTERMMOV-OH10R|turnout:KXMIDTERMVOTETURN-OH10|winner:KXHOUSERACE-OH10-26
OH07,4,margin:KXMIDTERMMOV-OH07D|margin:KXMIDTERMMOV-OH07R|turnout:KXMIDTERMVOTETURN-OH07|winner:KXHOUSERACE-OH07-26
NY19,4,margin:KXMIDTERMMOV-NY19D|margin:KXMIDTERMMOV-NY19R|turnout:KXMIDTERMVOTETURN-NY19|winner:HOUSENY19-26
NY17,4,margin:KXMIDTERMMOV-NY17D|margin:KXMIDTERMMOV-NY17R|turnout:KXMIDTERMVOTETURN-NY17|winner:HOUSENY17-26
NY02,4,margin:KXMIDTERMMOV-NY02D|margin:KXMIDTERMMOV-NY02R|turnout:KXMIDTERMVOTETURN-NY02|winner:KXHOUSERACE-NY02-26
NY01,4,margin:KXMIDTERMMOV-NY01D|margin:KXMIDTERMMOV-NY01R|turnout:KXMIDTERMVOTETURN-NY01|winner:KXHOUSERACE-NY01-26
NV02,4,margin:KXMIDTERMMOV-NV02D|margin:KXMIDTERMMOV-NV02R|turnout:KXMIDTERMVOTETURN-NV02|winner:KXHOUSERACE-NV02-26
NJ02,4,margin:KXMIDTERMMOV-NJ02D|margin:KXMIDTERMMOV-NJ02R|turnout:KXMIDTERMVOTETURN-NJ02|winner:KXHOUSERACE-NJ02-26
MO02,4,margin:KXMIDTERMMOV-MO02D|margin:KXMIDTERMMOV-MO02R|turnout:KXMIDTERMVOTETURN-MO02|winner:KXHOUSERACE-MO02-26
MN08,4,margin:KXMIDTERMMOV-MN08D|margin:KXMIDTERMMOV-MN08R|turnout:KXMIDTERMVOTETURN-MN08|winner:KXHOUSERACE-MN08-26
MN01,4,margin:KXMIDTERMMOV-MN01D|margin:KXMIDTERMMOV-MN01R|turnout:KXMIDTERMVOTETURN-MN01|winner:KXHOUSERACE-MN01-26
MI10,4,margin:KXMIDTERMMOV-MI10D|margin:KXMIDTERMMOV-MI10R|turnout:KXMIDTERMVOTETURN-MI10|winner:HOUSEMI10-26
KY06,4,margin:KXMIDTERMMOV-KY06D|margin:KXMIDTERMMOV-KY06R|turnout:KXMIDTERMVOTETURN-KY06|winner:KXHOUSERACE-KY06-26
IA02,4,margin:KXMIDTERMMOV-IA02D|margin:KXMIDTERMMOV-IA02R|turnout:KXMIDTERMVOTETURN-IA02|winner:KXHOUSERACE-IA02-26
FL27,4,margin:KXMIDTERMMOV-FL27D|margin:KXMIDTERMMOV-FL27R|turnout:KXMIDTERMVOTETURN-FL27|winner:KXHOUSERACE-FL27-26
FL23,4,margin:KXMIDTERMMOV-FL23D|margin:KXMIDTERMMOV-FL23R|turnout:KXMIDTERMVOTETURN-FL23|winner:HOUSEFL23-26
FL16,4,margin:KXMIDTERMMOV-FL16D|margin:KXMIDTERMMOV-FL16R|turnout:KXMIDTERMVOTETURN-FL16|winner:KXHOUSERACE-FL16-26
FL15,4,margin:KXMIDTERMMOV-FL15D|margin:KXMIDTERMMOV-FL15R|turnout:KXMIDTERMVOTETURN-FL15|winner:KXHOUSERACE-FL15-26
FL13,4,margin:KXMIDTERMMOV-FL13D|margin:KXMIDTERMMOV-FL13R|turnout:KXMIDTERMVOTETURN-FL13|winner:HOUSEFL13-26
FL07,4,margin:KXMIDTERMMOV-FL07D|margin:KXMIDTERMMOV-FL07R|turnout:KXMIDTERMVOTETURN-FL07|winner:KXHOUSERACE-FL07-26
FL04,4,margin:KXMIDTERMMOV-FL04D|margin:KXMIDTERMMOV-FL04R|turnout:KXMIDTERMVOTETURN-FL04|winner:KXHOUSERACE-FL04-26
CO05,4,margin:KXMIDTERMMOV-CO05D|margin:KXMIDTERMMOV-CO05R|turnout:KXMIDTERMVOTETURN-CO05|winner:KXHOUSERACE-CO05-26
CO04,4,margin:KXMIDTERMMOV-CO04D|margin:KXMIDTERMMOV-CO04R|turnout:KXMIDTERMVOTETURN-CO04|winner:KXHOUSERACE-CO04-26
WYAL,3,margin:KXMIDTERMMOV-WYALR|turnout:KXMIDTERMVOTETURN-WYAL|winner:KXHOUSERACE-WYAL-26
WV02,3,margin:KXMIDTERMMOV-WV02R|turnout:KXMIDTERMVOTETURN-WV02|winner:KXHOUSERACE-WV02-26
WV01,3,margin:KXMIDTERMMOV-WV01R|turnout:KXMIDTERMVOTETURN-WV01|winner:KXHOUSERACE-WV01-26
WIGOV,3,margin:KXMIDTERMMOV-WIGOVD|margin:KXMIDTERMMOV-WIGOVR|turnout:KXMIDTERMVOTETURN-WIGOV
WI08,3,margin:KXMIDTERMMOV-WI08R|turnout:KXMIDTERMVOTETURN-WI08|winner:KXHOUSERACE-WI08-26
WI07,3,margin:KXMIDTERMMOV-WI07R|turnout:KXMIDTERMVOTETURN-WI07|winner:KXHOUSERACE-WI07-26
WI06,3,margin:KXMIDTERMMOV-WI06R|turnout:KXMIDTERMVOTETURN-WI06|winner:KXHOUSERACE-WI06-26
WI05,3,margin:KXMIDTERMMOV-WI05R|turnout:KXMIDTERMVOTETURN-WI05|winner:KXHOUSERACE-WI05-26
WI04,3,margin:KXMIDTERMMOV-WI04D|turnout:KXMIDTERMVOTETURN-WI04|winner:KXHOUSERACE-WI04-26
WI03,3,margin:KXMIDTERMMOV-WI03D|margin:KXMIDTERMMOV-WI03R|turnout:KXMIDTERMVOTETURN-WI03
WI02,3,margin:KXMIDTERMMOV-WI02D|turnout:KXMIDTERMVOTETURN-WI02|winner:KXHOUSERACE-WI02-26
WI01,3,margin:KXMIDTERMMOV-WI01D|margin:KXMIDTERMMOV-WI01R|turnout:KXMIDTERMVOTETURN-WI01
VTAL,3,margin:KXMIDTERMMOV-VTALD|turnout:KXMIDTERMVOTETURN-VTAL|winner:KXHOUSERACE-VTAL-26
VA11,3,margin:KXMIDTERMMOV-VA11D|turnout:KXMIDTERMVOTETURN-VA11|winner:KXHOUSERACE-VA11-26
VA09,3,margin:KXMIDTERMMOV-VA09R|turnout:KXMIDTERMVOTETURN-VA09|winner:KXHOUSERACE-VA09-26
VA08,3,margin:KXMIDTERMMOV-VA08D|turnout:KXMIDTERMVOTETURN-VA08|winner:KXHOUSERACE-VA08-26
VA04,3,margin:KXMIDTERMMOV-VA04D|turnout:KXMIDTERMVOTETURN-VA04|winner:KXHOUSERACE-VA04-26
VA03,3,margin:KXMIDTERMMOV-VA03D|turnout:KXMIDTERMVOTETURN-VA03|winner:KXHOUSERACE-VA03-26
VA02,3,margin:KXMIDTERMMOV-VA02D|margin:KXMIDTERMMOV-VA02R|turnout:KXMIDTERMVOTETURN-VA02
VA01,3,margin:KXMIDTERMMOV-VA01D|margin:KXMIDTERMMOV-VA01R|turnout:KXMIDTERMVOTETURN-VA01
UT04,3,margin:KXMIDTERMMOV-UT04R|turnout:KXMIDTERMVOTETURN-UT04|winner:KXHOUSERACE-UT04-26
TXSEN,3,margin:KXMIDTERMMOV-TXSEND|margin:KXMIDTERMMOV-TXSENR|turnout:KXMIDTERMVOTETURN-TXSEN
TXGOV,3,margin:KXMIDTERMMOV-TXGOVD|margin:KXMIDTERMMOV-TXGOVR|turnout:KXMIDTERMVOTETURN-TXGOV
TX38,3,margin:KXMIDTERMMOV-TX38R|turnout:KXMIDTERMVOTETURN-TX38|winner:KXHOUSERACE-TX38-26
TX37,3,margin:KXMIDTERMMOV-TX37D|turnout:KXMIDTERMVOTETURN-TX37|winner:KXHOUSERACE-TX37-26
TX36,3,margin:KXMIDTERMMOV-TX36R|turnout:KXMIDTERMVOTETURN-TX36|winner:KXHOUSERACE-TX36-26
TX35,3,margin:KXMIDTERMMOV-TX35D|margin:KXMIDTERMMOV-TX35R|turnout:KXMIDTERMVOTETURN-TX35
TX33,3,margin:KXMIDTERMMOV-TX33D|turnout:KXMIDTERMVOTETURN-TX33|winner:KXHOUSERACE-TX33-26
TX32,3,margin:KXMIDTERMMOV-TX32D|margin:KXMIDTERMMOV-TX32R|turnout:KXMIDTERMVOTETURN-TX32
TX31,3,margin:KXMIDTERMMOV-TX31R|turnout:KXMIDTERMVOTETURN-TX31|winner:KXHOUSERACE-TX31-26
TX30,3,margin:KXMIDTERMMOV-TX30D|turnout:KXMIDTERMVOTETURN-TX30|winner:KXHOUSERACE-TX30-26
TX29,3,margin:KXMIDTERMMOV-TX29D|turnout:KXMIDTERMVOTETURN-TX29|winner:KXHOUSERACE-TX29-26
TX27,3,margin:KXMIDTERMMOV-TX27R|turnout:KXMIDTERMVOTETURN-TX27|winner:KXHOUSERACE-TX27-26
TX26,3,margin:KXMIDTERMMOV-TX26R|turnout:KXMIDTERMVOTETURN-TX26|winner:KXHOUSERACE-TX26-26
TX25,3,margin:KXMIDTERMMOV-TX25R|turnout:KXMIDTERMVOTETURN-TX25|winner:KXHOUSERACE-TX25-26
TX24,3,margin:KXMIDTERMMOV-TX24R|turnout:KXMIDTERMVOTETURN-TX24|winner:KXHOUSERACE-TX24-26
TX22,3,margin:KXMIDTERMMOV-TX22R|turnout:KXMIDTERMVOTETURN-TX22|winner:KXHOUSERACE-TX22-26
TX21,3,margin:KXMIDTERMMOV-TX21R|turnout:KXMIDTERMVOTETURN-TX21|winner:KXHOUSERACE-TX21-26
TX20,3,margin:KXMIDTERMMOV-TX20D|turnout:KXMIDTERMVOTETURN-TX20|winner:KXHOUSERACE-TX20-26
TX19,3,margin:KXMIDTERMMOV-TX19R|turnout:KXMIDTERMVOTETURN-TX19|winner:KXHOUSERACE-TX19-26
TX18,3,margin:KXMIDTERMMOV-TX18D|turnout:KXMIDTERMVOTETURN-TX18|winner:KXHOUSERACE-TX18-26
TX17,3,margin:KXMIDTERMMOV-TX17R|turnout:KXMIDTERMVOTETURN-TX17|winner:KXHOUSERACE-TX17-26
TX16,3,margin:KXMIDTERMMOV-TX16D|turnout:KXMIDTERMVOTETURN-TX16|winner:KXHOUSERACE-TX16-26
TX14,3,margin:KXMIDTERMMOV-TX14R|turnout:KXMIDTERMVOTETURN-TX14|winner:KXHOUSERACE-TX14-26
TX13,3,margin:KXMIDTERMMOV-TX13R|turnout:KXMIDTERMVOTETURN-TX13|winner:KXHOUSERACE-TX13-26
TX12,3,margin:KXMIDTERMMOV-TX12R|turnout:KXMIDTERMVOTETURN-TX12|winner:KXHOUSERACE-TX12-26
TX11,3,margin:KXMIDTERMMOV-TX11R|turnout:KXMIDTERMVOTETURN-TX11|winner:KXHOUSERACE-TX11-26
TX10,3,margin:KXMIDTERMMOV-TX10R|turnout:KXMIDTERMVOTETURN-TX10|winner:KXHOUSERACE-TX10-26
TX09,3,margin:KXMIDTERMMOV-TX09D|margin:KXMIDTERMMOV-TX09R|turnout:KXMIDTERMVOTETURN-TX09
TX08,3,margin:KXMIDTERMMOV-TX08R|turnout:KXMIDTERMVOTETURN-TX08|winner:KXHOUSERACE-TX08-26
TX07,3,margin:KXMIDTERMMOV-TX07D|turnout:KXMIDTERMVOTETURN-TX07|winner:KXHOUSERACE-TX07-26
TX06,3,margin:KXMIDTERMMOV-TX06R|turnout:KXMIDTERMVOTETURN-TX06|winner:KXHOUSERACE-TX06-26
TX05,3,margin:KXMIDTERMMOV-TX05R|turnout:KXMIDTERMVOTETURN-TX05|winner:KXHOUSERACE-TX05-26
TX04,3,margin:KXMIDTERMMOV-TX04R|turnout:KXMIDTERMVOTETURN-TX04|winner:KXHOUSERACE-TX04-26
TX03,3,margin:KXMIDTERMMOV-TX03R|turnout:KXMIDTERMVOTETURN-TX03|winner:KXHOUSERACE-TX03-26
TX02,3,margin:KXMIDTERMMOV-TX02R|turnout:KXMIDTERMVOTETURN-TX02|winner:KXHOUSERACE-TX02-26
TX01,3,margin:KXMIDTERMMOV-TX01R|turnout:KXMIDTERMVOTETURN-TX01|winner:KXHOUSERACE-TX01-26
TN09,3,margin:KXMIDTERMMOV-TN09D|turnout:KXMIDTERMVOTETURN-TN09|winner:KXHOUSERACE-TN09-26
TN08,3,margin:KXMIDTERMMOV-TN08R|turnout:KXMIDTERMVOTETURN-TN08|winner:KXHOUSERACE-TN08-26
TN07,3,margin:KXMIDTERMMOV-TN07R|turnout:KXMIDTERMVOTETURN-TN07|winner:KXHOUSERACE-TN07-26
TN06,3,margin:KXMIDTERMMOV-TN06R|turnout:KXMIDTERMVOTETURN-TN06|winner:KXHOUSERACE-TN06-26
TN04,3,margin:KXMIDTERMMOV-TN04R|turnout:KXMIDTERMVOTETURN-TN04|winner:KXHOUSERACE-TN04-26
TN03,3,margin:KXMIDTERMMOV-TN03R|turnout:KXMIDTERMVOTETURN-TN03|winner:KXHOUSERACE-TN03-26
TN02,3,margin:KXMIDTERMMOV-TN02R|turnout:KXMIDTERMVOTETURN-TN02|winner:KXHOUSERACE-TN02-26
TN01,3,margin:KXMIDTERMMOV-TN01R|turnout:KXMIDTERMVOTETURN-TN01|winner:KXHOUSERACE-TN01-26
SDAL,3,margin:KXMIDTERMMOV-SDALR|turnout:KXMIDTERMVOTETURN-SDAL|winner:KXHOUSERACE-SDAL-26
SCSEN,3,margin:KXMIDTERMMOV-SCSEND|margin:KXMIDTERMMOV-SCSENR|turnout:KXMIDTERMVOTETURN-SCSEN
SCGOV,3,margin:KXMIDTERMMOV-SCGOVD|margin:KXMIDTERMMOV-SCGOVR|turnout:KXMIDTERMVOTETURN-SCGOV
SC07,3,margin:KXMIDTERMMOV-SC07R|turnout:KXMIDTERMVOTETURN-SC07|winner:KXHOUSERACE-SC07-26
SC06,3,margin:KXMIDTERMMOV-SC06D|turnout:KXMIDTERMVOTETURN-SC06|winner:KXHOUSERACE-SC06-26
SC05,3,margin:KXMIDTERMMOV-SC05R|turnout:KXMIDTERMVOTETURN-SC05|winner:KXHOUSERACE-SC05-26
SC04,3,margin:KXMIDTERMMOV-SC04R|turnout:KXMIDTERMVOTETURN-SC04|winner:KXHOUSERACE-SC04-26
SC03,3,margin:KXMIDTERMMOV-SC03R|turnout:KXMIDTERMVOTETURN-SC03|winner:KXHOUSERACE-SC03-26
SC02,3,margin:KXMIDTERMMOV-SC02R|turnout:KXMIDTERMVOTETURN-SC02|winner:KXHOUSERACE-SC02-26
RI02,3,margin:KXMIDTERMMOV-RI02D|turnout:KXMIDTERMVOTETURN-RI02|winner:KXHOUSERACE-RI02-26
RI01,3,margin:KXMIDTERMMOV-RI01D|turnout:KXMIDTERMVOTETURN-RI01|winner:KXHOUSERACE-RI01-26
PA17,3,margin:KXMIDTERMMOV-PA17D|turnout:KXMIDTERMVOTETURN-PA17|winner:HOUSEPA17-26
PA16,3,margin:KXMIDTERMMOV-PA16R|turnout:KXMIDTERMVOTETURN-PA16|winner:KXHOUSERACE-PA16-26
PA15,3,margin:KXMIDTERMMOV-PA15R|turnout:KXMIDTERMVOTETURN-PA15|winner:KXHOUSERACE-PA15-26
PA14,3,margin:KXMIDTERMMOV-PA14R|turnout:KXMIDTERMVOTETURN-PA14|winner:KXHOUSERACE-PA14-26
PA13,3,margin:KXMIDTERMMOV-PA13R|turnout:KXMIDTERMVOTETURN-PA13|winner:KXHOUSERACE-PA13-26
PA12,3,margin:KXMIDTERMMOV-PA12D|turnout:KXMIDTERMVOTETURN-PA12|winner:KXHOUSERACE-PA12-26
PA11,3,margin:KXMIDTERMMOV-PA11R|turnout:KXMIDTERMVOTETURN-PA11|winner:KXHOUSERACE-PA11-26
PA09,3,margin:KXMIDTERMMOV-PA09R|turnout:KXMIDTERMVOTETURN-PA09|winner:KXHOUSERACE-PA09-26
PA08,3,margin:KXMIDTERMMOV-PA08D|margin:KXMIDTERMMOV-PA08R|turnout:KXMIDTERMVOTETURN-PA08
PA07,3,margin:KXMIDTERMMOV-PA07D|margin:KXMIDTERMMOV-PA07R|turnout:KXMIDTERMVOTETURN-PA07
PA06,3,margin:KXMIDTERMMOV-PA06D|turnout:KXMIDTERMVOTETURN-PA06|winner:KXHOUSERACE-PA06-26
PA05,3,margin:KXMIDTERMMOV-PA05D|turnout:KXMIDTERMVOTETURN-PA05|winner:KXHOUSERACE-PA05-26
PA04,3,margin:KXMIDTERMMOV-PA04D|turnout:KXMIDTERMVOTETURN-PA04|winner:KXHOUSERACE-PA04-26
PA03,3,margin:KXMIDTERMMOV-PA03D|turnout:KXMIDTERMVOTETURN-PA03|winner:KXHOUSERACE-PA03-26
PA02,3,margin:KXMIDTERMMOV-PA02D|turnout:KXMIDTERMVOTETURN-PA02|winner:KXHOUSERACE-PA02-26
PA01,3,margin:KXMIDTERMMOV-PA01D|margin:KXMIDTERMMOV-PA01R|turnout:KXMIDTERMVOTETURN-PA01
OR06,3,margin:KXMIDTERMMOV-OR06D|turnout:KXMIDTERMVOTETURN-OR06|winner:KXHOUSERACE-OR06-26
OR04,3,margin:KXMIDTERMMOV-OR04D|turnout:KXMIDTERMVOTETURN-OR04|winner:KXHOUSERACE-OR04-26
OR03,3,margin:KXMIDTERMMOV-OR03D|turnout:KXMIDTERMVOTETURN-OR03|winner:KXHOUSERACE-OR03-26
OR02,3,margin:KXMIDTERMMOV-OR02R|turnout:KXMIDTERMVOTETURN-OR02|winner:KXHOUSERACE-OR02-26
OR01,3,margin:KXMIDTERMMOV-OR01D|turnout:KXMIDTERMVOTETURN-OR01|winner:KXHOUSERACE-OR01-26
OK05,3,margin:KXMIDTERMMOV-OK05R|turnout:KXMIDTERMVOTETURN-OK05|winner:KXHOUSERACE-OK05-26
OK04,3,margin:KXMIDTERMMOV-OK04R|turnout:KXMIDTERMVOTETURN-OK04|winner:KXHOUSERACE-OK04-26
OK03,3,margin:KXMIDTERMMOV-OK03R|turnout:KXMIDTERMVOTETURN-OK03|winner:KXHOUSERACE-OK03-26
OK02,3,margin:KXMIDTERMMOV-OK02R|turnout:KXMIDTERMVOTETURN-OK02|winner:KXHOUSERACE-OK02-26
OK01,3,margin:KXMIDTERMMOV-OK01R|turnout:KXMIDTERMVOTETURN-OK01|winner:KXHOUSERACE-OK01-26
OHSEN,3,margin:KXMIDTERMMOV-OHSEND|margin:KXMIDTERMMOV-OHSENR|turnout:KXMIDTERMVOTETURN-OHSEN
OHGOV,3,margin:KXMIDTERMMOV-OHGOVD|margin:KXMIDTERMMOV-OHGOVR|turnout:KXMIDTERMVOTETURN-OHGOV
OH14,3,margin:KXMIDTERMMOV-OH14R|turnout:KXMIDTERMVOTETURN-OH14|winner:KXHOUSERACE-OH14-26
OH13,3,margin:KXMIDTERMMOV-OH13D|turnout:KXMIDTERMVOTETURN-OH13|winner:HOUSEOH13-26
OH12,3,margin:KXMIDTERMMOV-OH12R|turnout:KXMIDTERMVOTETURN-OH12|winner:KXHOUSERACE-OH12-26
OH11,3,margin:KXMIDTERMMOV-OH11D|turnout:KXMIDTERMVOTETURN-OH11|winner:KXHOUSERACE-OH11-26
OH09,3,margin:KXMIDTERMMOV-OH09D|margin:KXMIDTERMMOV-OH09R|turnout:KXMIDTERMVOTETURN-OH09
OH08,3,margin:KXMIDTERMMOV-OH08R|turnout:KXMIDTERMVOTETURN-OH08|winner:KXHOUSERACE-OH08-26
OH06,3,margin:KXMIDTERMMOV-OH06R|turnout:KXMIDTERMVOTETURN-OH06|winner:KXHOUSERACE-OH06-26
OH05,3,margin:KXMIDTERMMOV-OH05R|turnout:KXMIDTERMVOTETURN-OH05|winner:KXHOUSERACE-OH05-26
OH04,3,margin:KXMIDTERMMOV-OH04R|turnout:KXMIDTERMVOTETURN-OH04|winner:KXHOUSERACE-OH04-26
OH03,3,margin:KXMIDTERMMOV-OH03D|turnout:KXMIDTERMVOTETURN-OH03|winner:KXHOUSERACE-OH03-26
OH02,3,margin:KXMIDTERMMOV-OH02R|turnout:KXMIDTERMVOTETURN-OH02|winner:KXHOUSERACE-OH02-26
OH01,3,margin:KXMIDTERMMOV-OH01D|margin:KXMIDTERMMOV-OH01R|turnout:KXMIDTERMVOTETURN-OH01
NY26,3,margin:KXMIDTERMMOV-NY26D|turnout:KXMIDTERMVOTETURN-NY26|winner:KXHOUSERACE-NY26-26
NY25,3,margin:KXMIDTERMMOV-NY25D|turnout:KXMIDTERMVOTETURN-NY25|winner:KXHOUSERACE-NY25-26
NY24,3,margin:KXMIDTERMMOV-NY24R|turnout:KXMIDTERMVOTETURN-NY24|winner:KXHOUSERACE-NY24-26
NY23,3,margin:KXMIDTERMMOV-NY23R|turnout:KXMIDTERMVOTETURN-NY23|winner:KXHOUSERACE-NY23-26
NY22,3,margin:KXMIDTERMMOV-NY22D|turnout:KXMIDTERMVOTETURN-NY22|winner:HOUSENY22-26
NY21,3,margin:KXMIDTERMMOV-NY21R|turnout:KXMIDTERMVOTETURN-NY21|winner:KXHOUSERACE-NY21-26
NY20,3,margin:KXMIDTERMMOV-NY20D|turnout:KXMIDTERMVOTETURN-NY20|winner:KXHOUSERACE-NY20-26
NY18,3,margin:KXMIDTERMMOV-NY18D|turnout:KXMIDTERMVOTETURN-NY18|winner:HOUSENY18-26
NY16,3,margin:KXMIDTERMMOV-NY16D|turnout:KXMIDTERMVOTETURN-NY16|winner:KXHOUSERACE-NY16-26
NY15,3,margin:KXMIDTERMMOV-NY15D|turnout:KXMIDTERMVOTETURN-NY15|winner:KXHOUSERACE-NY15-26
NY14,3,margin:KXMIDTERMMOV-NY14D|turnout:KXMIDTERMVOTETURN-NY14|winner:KXHOUSERACE-NY14-26
NY13,3,margin:KXMIDTERMMOV-NY13D|turnout:KXMIDTERMVOTETURN-NY13|winner:KXHOUSERACE-NY13-26
NY12,3,margin:KXMIDTERMMOV-NY12D|turnout:KXMIDTERMVOTETURN-NY12|winner:KXHOUSERACE-NY12-26
NY11,3,margin:KXMIDTERMMOV-NY11R|turnout:KXMIDTERMVOTETURN-NY11|winner:KXHOUSERACE-NY11-26
NY10,3,margin:KXMIDTERMMOV-NY10D|turnout:KXMIDTERMVOTETURN-NY10|winner:KXHOUSERACE-NY10-26
NY09,3,margin:KXMIDTERMMOV-NY09D|turnout:KXMIDTERMVOTETURN-NY09|winner:KXHOUSERACE-NY09-26
NY08,3,margin:KXMIDTERMMOV-NY08D|turnout:KXMIDTERMVOTETURN-NY08|winner:KXHOUSERACE-NY08-26
NY07,3,margin:KXMIDTERMMOV-NY07D|turnout:KXMIDTERMVOTETURN-NY07|winner:KXHOUSERACE-NY07-26
NY06,3,margin:KXMIDTERMMOV-NY06D|turnout:KXMIDTERMVOTETURN-NY06|winner:KXHOUSERACE-NY06-26
NY05,3,margin:KXMIDTERMMOV-NY05D|turnout:KXMIDTERMVOTETURN-NY05|winner:KXHOUSERACE-NY05-26
NY03,3,margin:KXMIDTERMMOV-NY03D|margin:KXMIDTERMMOV-NY03R|turnout:KXMIDTERMVOTETURN-NY03
NVGOV,3,margin:KXMIDTERMMOV-NVGOVD|margin:KXMIDTERMMOV-NVGOVR|turnout:KXMIDTERMVOTETURN-NVGOV
NV03,3,margin:KXMIDTERMMOV-NV03D|margin:KXMIDTERMMOV-NV03R|turnout:KXMIDTERMVOTETURN-NV03
NM03,3,margin:KXMIDTERMMOV-NM03D|turnout:KXMIDTERMVOTETURN-NM03|winner:KXHOUSERACE-NM03-26
NM01,3,margin:KXMIDTERMMOV-NM01D|turnout:KXMIDTERMVOTETURN-NM01|winner:KXHOUSERACE-NM01-26
NJ12,3,margin:KXMIDTERMMOV-NJ12D|turnout:KXMIDTERMVOTETURN-NJ12|winner:KXHOUSERACE-NJ12-26
NJ11,3,margin:KXMIDTERMMOV-NJ11D|turnout:KXMIDTERMVOTETURN-NJ11|winner:KXHOUSERACE-NJ11-26
NJ10,3,margin:KXMIDTERMMOV-NJ10D|turnout:KXMIDTERMVOTETURN-NJ10|winner:KXHOUSERACE-NJ10-26
NJ08,3,margin:KXMIDTERMMOV-NJ08D|turnout:KXMIDTERMVOTETURN-NJ08|winner:KXHOUSERACE-NJ08-26
NJ07,3,margin:KXMIDTERMMOV-NJ07D|margin:KXMIDTERMMOV-NJ07R|turnout:KXMIDTERMVOTETURN-NJ07
NJ06,3,margin:KXMIDTERMMOV-NJ06D|turnout:KXMIDTERMVOTETURN-NJ06|winner:KXHOUSERACE-NJ06-26
NJ04,3,margin:KXMIDTERMMOV-NJ04R|turnout:KXMIDTERMVOTETURN-NJ04|winner:KXHOUSERACE-NJ04-26
NJ03,3,margin:KXMIDTERMMOV-NJ03D|turnout:KXMIDTERMVOTETURN-NJ03|winner:KXHOUSERACE-NJ03-26
NJ01,3,margin:KXMIDTERMMOV-NJ01D|turnout:KXMIDTERMVOTETURN-NJ01|winner:KXHOUSERACE-NJ01-26
NHSEN,3,margin:KXMIDTERMMOV-NHSEND|margin:KXMIDTERMMOV-NHSENR|turnout:KXMIDTERMVOTETURN-NHSEN
NHGOV,3,margin:KXMIDTERMMOV-NHGOVD|margin:KXMIDTERMMOV-NHGOVR|turnout:KXMIDTERMVOTETURN-NHGOV
NH02,3,margin:KXMIDTERMMOV-NH02D|turnout:KXMIDTERMVOTETURN-NH02|winner:KXHOUSERACE-NH02-26
NH01,3,margin:KXMIDTERMMOV-NH01D|margin:KXMIDTERMMOV-NH01R|turnout:KXMIDTERMVOTETURN-NH01
NE03,3,margin:KXMIDTERMMOV-NE03R|turnout:KXMIDTERMVOTETURN-NE03|winner:KXHOUSERACE-NE03-26
NE02,3,margin:KXMIDTERMMOV-NE02D|margin:KXMIDTERMMOV-NE02R|turnout:KXMIDTERMVOTETURN-NE02
NE01,3,margin:KXMIDTERMMOV-NE01R|turnout:KXMIDTERMVOTETURN-NE01|winner:KXHOUSERACE-NE01-26
NDAL,3,margin:KXMIDTERMMOV-NDALR|turnout:KXMIDTERMVOTETURN-NDAL|winner:KXHOUSERACE-NDAL-26
NCSEN,3,margin:KXMIDTERMMOV-NCSEND|margin:KXMIDTERMMOV-NCSENR|turnout:KXMIDTERMVOTETURN-NCSEN
NC14,3,margin:KXMIDTERMMOV-NC14R|turnout:KXMIDTERMVOTETURN-NC14|winner:KXHOUSERACE-NC14-26
NC13,3,margin:KXMIDTERMMOV-NC13R|turnout:KXMIDTERMVOTETURN-NC13|winner:KXHOUSERACE-NC13-26
NC12,3,margin:KXMIDTERMMOV-NC12D|turnout:KXMIDTERMVOTETURN-NC12|winner:KXHOUSERACE-NC12-26
NC11,3,margin:KXMIDTERMMOV-NC11D|margin:KXMIDTERMMOV-NC11R|turnout:KXMIDTERMVOTETURN-NC11
NC10,3,margin:KXMIDTERMMOV-NC10R|turnout:KXMIDTERMVOTETURN-NC10|winner:KXHOUSERACE-NC10-26
NC09,3,margin:KXMIDTERMMOV-NC09R|turnout:KXMIDTERMVOTETURN-NC09|winner:KXHOUSERACE-NC09-26
NC08,3,margin:KXMIDTERMMOV-NC08R|turnout:KXMIDTERMVOTETURN-NC08|winner:KXHOUSERACE-NC08-26
NC07,3,margin:KXMIDTERMMOV-NC07R|turnout:KXMIDTERMVOTETURN-NC07|winner:KXHOUSERACE-NC07-26
NC06,3,margin:KXMIDTERMMOV-NC06R|turnout:KXMIDTERMVOTETURN-NC06|winner:KXHOUSERACE-NC06-26
NC05,3,margin:KXMIDTERMMOV-NC05R|turnout:KXMIDTERMVOTETURN-NC05|winner:KXHOUSERACE-NC05-26
NC04,3,margin:KXMIDTERMMOV-NC04D|turnout:KXMIDTERMVOTETURN-NC04|winner:KXHOUSERACE-NC04-26
NC03,3,margin:KXMIDTERMMOV-NC03R|turnout:KXMIDTERMVOTETURN-NC03|winner:KXHOUSERACE-NC03-26
NC02,3,margin:KXMIDTERMMOV-NC02D|turnout:KXMIDTERMVOTETURN-NC02|winner:KXHOUSERACE-NC02-26
NC01,3,margin:KXMIDTERMMOV-NC01D|margin:KXMIDTERMMOV-NC01R|turnout:KXMIDTERMVOTETURN-NC01
MT02,3,margin:KXMIDTERMMOV-MT02R|turnout:KXMIDTERMVOTETURN-MT02|winner:KXHOUSERACE-MT02-26
MT01,3,margin:KXMIDTERMMOV-MT01D|margin:KXMIDTERMMOV-MT01R|turnout:KXMIDTERMVOTETURN-MT01
MS04,3,margin:KXMIDTERMMOV-MS04R|turnout:KXMIDTERMVOTETURN-MS04|winner:KXHOUSERACE-MS04-26
MS03,3,margin:KXMIDTERMMOV-MS03R|turnout:KXMIDTERMVOTETURN-MS03|winner:KXHOUSERACE-MS03-26
MS02,3,margin:KXMIDTERMMOV-MS02D|turnout:KXMIDTERMVOTETURN-MS02|winner:KXHOUSERACE-MS02-26
MS01,3,margin:KXMIDTERMMOV-MS01R|turnout:KXMIDTERMVOTETURN-MS01|winner:KXHOUSERACE-MS01-26
MO08,3,margin:KXMIDTERMMOV-MO08R|turnout:KXMIDTERMVOTETURN-MO08|winner:KXHOUSERACE-MO08-26
MO07,3,margin:KXMIDTERMMOV-MO07R|turnout:KXMIDTERMVOTETURN-MO07|winner:KXHOUSERACE-MO07-26
MO06,3,margin:KXMIDTERMMOV-MO06R|turnout:KXMIDTERMVOTETURN-MO06|winner:KXHOUSERACE-MO06-26
MO05,3,margin:KXMIDTERMMOV-MO05D|margin:KXMIDTERMMOV-MO05R|turnout:KXMIDTERMVOTETURN-MO05
MO04,3,margin:KXMIDTERMMOV-MO04R|turnout:KXMIDTERMVOTETURN-MO04|winner:KXHOUSERACE-MO04-26
MO03,3,margin:KXMIDTERMMOV-MO03R|turnout:KXMIDTERMVOTETURN-MO03|winner:KXHOUSERACE-MO03-26
MO01,3,margin:KXMIDTERMMOV-MO01D|turnout:KXMIDTERMVOTETURN-MO01|winner:KXHOUSERACE-MO01-26
MN07,3,margin:KXMIDTERMMOV-MN07R|turnout:KXMIDTERMVOTETURN-MN07|winner:KXHOUSERACE-MN07-26
MN06,3,margin:KXMIDTERMMOV-MN06R|turnout:KXMIDTERMVOTETURN-MN06|winner:KXHOUSERACE-MN06-26
MN05,3,margin:KXMIDTERMMOV-MN05D|turnout:KXMIDTERMVOTETURN-MN05|winner:KXHOUSERACE-MN05-26
MN04,3,margin:KXMIDTERMMOV-MN04D|turnout:KXMIDTERMVOTETURN-MN04|winner:KXHOUSERACE-MN04-26
MN03,3,margin:KXMIDTERMMOV-MN03D|turnout:KXMIDTERMVOTETURN-MN03|winner:KXHOUSERACE-MN03-26
MISEN,3,margin:KXMIDTERMMOV-MISEND|margin:KXMIDTERMMOV-MISENR|turnout:KXMIDTERMVOTETURN-MISEN
MI13,3,margin:KXMIDTERMMOV-MI13D|turnout:KXMIDTERMVOTETURN-MI13|winner:KXHOUSERACE-MI13-26
MI12,3,margin:KXMIDTERMMOV-MI12D|turnout:KXMIDTERMVOTETURN-MI12|winner:KXHOUSERACE-MI12-26
MI11,3,margin:KXMIDTERMMOV-MI11D|turnout:KXMIDTERMVOTETURN-MI11|winner:KXHOUSERACE-MI11-26
MI09,3,margin:KXMIDTERMMOV-MI09R|turnout:KXMIDTERMVOTETURN-MI09|winner:KXHOUSERACE-MI09-26
MI08,3,margin:KXMIDTERMMOV-MI08D|margin:KXMIDTERMMOV-MI08R|turnout:KXMIDTERMVOTETURN-MI08
MI07,3,margin:KXMIDTERMMOV-MI07D|margin:KXMIDTERMMOV-MI07R|turnout:KXMIDTERMVOTETURN-MI07
MI06,3,margin:KXMIDTERMMOV-MI06D|turnout:KXMIDTERMVOTETURN-MI06|winner:KXHOUSERACE-MI06-26
MI05,3,margin:KXMIDTERMMOV-MI05R|turnout:KXMIDTERMVOTETURN-MI05|winner:KXHOUSERACE-MI05-26
MI04,3,margin:KXMIDTERMMOV-MI04D|margin:KXMIDTERMMOV-MI04R|turnout:KXMIDTERMVOTETURN-MI04
MI02,3,margin:KXMIDTERMMOV-MI02R|turnout:KXMIDTERMVOTETURN-MI02|winner:KXHOUSERACE-MI02-26
MI01,3,margin:KXMIDTERMMOV-MI01R|turnout:KXMIDTERMVOTETURN-MI01|winner:KXHOUSERACE-MI01-26
MESEN,3,margin:KXMIDTERMMOV-MESEND|margin:KXMIDTERMMOV-MESENR|turnout:KXMIDTERMVOTETURN-MESEN
MEGOV,3,margin:KXMIDTERMMOV-MEGOVD|margin:KXMIDTERMMOV-MEGOVR|turnout:KXMIDTERMVOTETURN-MEGOV
ME02,3,margin:KXMIDTERMMOV-ME02D|margin:KXMIDTERMMOV-ME02R|turnout:KXMIDTERMVOTETURN-ME02
ME01,3,margin:KXMIDTERMMOV-ME01D|turnout:KXMIDTERMVOTETURN-ME01|winner:KXHOUSERACE-ME01-26
MD08,3,margin:KXMIDTERMMOV-MD08D|turnout:KXMIDTERMVOTETURN-MD08|winner:KXHOUSERACE-MD08-26
MD07,3,margin:KXMIDTERMMOV-MD07D|turnout:KXMIDTERMVOTETURN-MD07|winner:KXHOUSERACE-MD07-26
MD06,3,margin:KXMIDTERMMOV-MD06D|turnout:KXMIDTERMVOTETURN-MD06|winner:KXHOUSERACE-MD06-26
MD05,3,margin:KXMIDTERMMOV-MD05D|turnout:KXMIDTERMVOTETURN-MD05|winner:KXHOUSERACE-MD05-26
MD04,3,margin:KXMIDTERMMOV-MD04D|turnout:KXMIDTERMVOTETURN-MD04|winner:KXHOUSERACE-MD04-26
MD03,3,margin:KXMIDTERMMOV-MD03D|turnout:KXMIDTERMVOTETURN-MD03|winner:KXHOUSERACE-MD03-26
MD02,3,margin:KXMIDTERMMOV-MD02D|turnout:KXMIDTERMVOTETURN-MD02|winner:KXHOUSERACE-MD02-26
MD01,3,margin:KXMIDTERMMOV-MD01R|turnout:KXMIDTERMVOTETURN-MD01|winner:KXHOUSERACE-MD01-26
MA09,3,margin:KXMIDTERMMOV-MA09D|turnout:KXMIDTERMVOTETURN-MA09|winner:KXHOUSERACE-MA09-26
MA08,3,margin:KXMIDTERMMOV-MA08D|turnout:KXMIDTERMVOTETURN-MA08|winner:KXHOUSERACE-MA08-26
MA07,3,margin:KXMIDTERMMOV-MA07D|turnout:KXMIDTERMVOTETURN-MA07|winner:KXHOUSERACE-MA07-26
MA06,3,margin:KXMIDTERMMOV-MA06D|turnout:KXMIDTERMVOTETURN-MA06|winner:KXHOUSERACE-MA06-26
MA05,3,margin:KXMIDTERMMOV-MA05D|turnout:KXMIDTERMVOTETURN-MA05|winner:KXHOUSERACE-MA05-26
MA04,3,margin:KXMIDTERMMOV-MA04D|turnout:KXMIDTERMVOTETURN-MA04|winner:KXHOUSERACE-MA04-26
MA03,3,margin:KXMIDTERMMOV-MA03D|turnout:KXMIDTERMVOTETURN-MA03|winner:KXHOUSERACE-MA03-26
MA02,3,margin:KXMIDTERMMOV-MA02D|turnout:KXMIDTERMVOTETURN-MA02|winner:KXHOUSERACE-MA02-26
MA01,3,margin:KXMIDTERMMOV-MA01D|turnout:KXMIDTERMVOTETURN-MA01|winner:KXHOUSERACE-MA01-26
LA06,3,margin:KXMIDTERMMOV-LA06D|turnout:KXMIDTERMVOTETURN-LA06|winner:KXHOUSERACE-LA06-26
LA05,3,margin:KXMIDTERMMOV-LA05R|turnout:KXMIDTERMVOTETURN-LA05|winner:KXHOUSERACE-LA05-26
LA04,3,margin:KXMIDTERMMOV-LA04R|turnout:KXMIDTERMVOTETURN-LA04|winner:KXHOUSERACE-LA04-26
LA03,3,margin:KXMIDTERMMOV-LA03R|turnout:KXMIDTERMVOTETURN-LA03|winner:KXHOUSERACE-LA03-26
LA02,3,margin:KXMIDTERMMOV-LA02D|turnout:KXMIDTERMVOTETURN-LA02|winner:KXHOUSERACE-LA02-26
LA01,3,margin:KXMIDTERMMOV-LA01R|turnout:KXMIDTERMVOTETURN-LA01|winner:KXHOUSERACE-LA01-26
KY05,3,margin:KXMIDTERMMOV-KY05R|turnout:KXMIDTERMVOTETURN-KY05|winner:KXHOUSERACE-KY05-26
KY04,3,margin:KXMIDTERMMOV-KY04R|turnout:KXMIDTERMVOTETURN-KY04|winner:KXHOUSERACE-KY04-26
KY03,3,margin:KXMIDTERMMOV-KY03D|turnout:KXMIDTERMVOTETURN-KY03|winner:KXHOUSERACE-KY03-26
KY02,3,margin:KXMIDTERMMOV-KY02R|turnout:KXMIDTERMVOTETURN-KY02|winner:KXHOUSERACE-KY02-26
KY01,3,margin:KXMIDTERMMOV-KY01R|turnout:KXMIDTERMVOTETURN-KY01|winner:KXHOUSERACE-KY01-26
KSGOV,3,margin:KXMIDTERMMOV-KSGOVD|margin:KXMIDTERMMOV-KSGOVR|turnout:KXMIDTERMVOTETURN-KSGOV
KS04,3,margin:KXMIDTERMMOV-KS04R|turnout:KXMIDTERMVOTETURN-KS04|winner:KXHOUSERACE-KS04-26
KS03,3,margin:KXMIDTERMMOV-KS03D|turnout:KXMIDTERMVOTETURN-KS03|winner:KXHOUSERACE-KS03-26
KS02,3,margin:KXMIDTERMMOV-KS02R|turnout:KXMIDTERMVOTETURN-KS02|winner:KXHOUSERACE-KS02-26
KS01,3,margin:KXMIDTERMMOV-KS01R|turnout:KXMIDTERMVOTETURN-KS01|winner:KXHOUSERACE-KS01-26
IN09,3,margin:KXMIDTERMMOV-IN09R|turnout:KXMIDTERMVOTETURN-IN09|winner:KXHOUSERACE-IN09-26
IN06,3,margin:KXMIDTERMMOV-IN06R|turnout:KXMIDTERMVOTETURN-IN06|winner:KXHOUSERACE-IN06-26
IN05,3,margin:KXMIDTERMMOV-IN05R|turnout:KXMIDTERMVOTETURN-IN05|winner:KXHOUSERACE-IN05-26
IN04,3,margin:KXMIDTERMMOV-IN04R|turnout:KXMIDTERMVOTETURN-IN04|winner:KXHOUSERACE-IN04-26
IN03,3,margin:KXMIDTERMMOV-IN03R|turnout:KXMIDTERMVOTETURN-IN03|winner:KXHOUSERACE-IN03-26
IN02,3,margin:KXMIDTERMMOV-IN02R|turnout:KXMIDTERMVOTETURN-IN02|winner:KXHOUSERACE-IN02-26
IL17,3,margin:KXMIDTERMMOV-IL17D|turnout:KXMIDTERMVOTETURN-IL17|winner:HOUSEIL17-26
IL16,3,margin:KXMIDTERMMOV-IL16R|turnout:KXMIDTERMVOTETURN-IL16|winner:KXHOUSERACE-IL16-26
IL15,3,margin:KXMIDTERMMOV-IL15R|turnout:KXMIDTERMVOTETURN-IL15|winner:KXHOUSERACE-IL15-26
IL14,3,margin:KXMIDTERMMOV-IL14D|turnout:KXMIDTERMVOTETURN-IL14|winner:KXHOUSERACE-IL14-26
IL13,3,margin:KXMIDTERMMOV-IL13D|turnout:KXMIDTERMVOTETURN-IL13|winner:KXHOUSERACE-IL13-26
IL12,3,margin:KXMIDTERMMOV-IL12R|turnout:KXMIDTERMVOTETURN-IL12|winner:KXHOUSERACE-IL12-26
IL11,3,margin:KXMIDTERMMOV-IL11D|turnout:KXMIDTERMVOTETURN-IL11|winner:KXHOUSERACE-IL11-26
IL10,3,margin:KXMIDTERMMOV-IL10D|turnout:KXMIDTERMVOTETURN-IL10|winner:KXHOUSERACE-IL10-26
IL09,3,margin:KXMIDTERMMOV-IL09D|turnout:KXMIDTERMVOTETURN-IL09|winner:KXHOUSERACE-IL09-26
IL08,3,margin:KXMIDTERMMOV-IL08D|turnout:KXMIDTERMVOTETURN-IL08|winner:KXHOUSERACE-IL08-26
IL07,3,margin:KXMIDTERMMOV-IL07D|turnout:KXMIDTERMVOTETURN-IL07|winner:KXHOUSERACE-IL07-26
IL06,3,margin:KXMIDTERMMOV-IL06D|turnout:KXMIDTERMVOTETURN-IL06|winner:KXHOUSERACE-IL06-26
IL05,3,margin:KXMIDTERMMOV-IL05D|turnout:KXMIDTERMVOTETURN-IL05|winner:KXHOUSERACE-IL05-26
IL04,3,margin:KXMIDTERMMOV-IL04D|turnout:KXMIDTERMVOTETURN-IL04|winner:KXHOUSERACE-IL04-26
IL03,3,margin:KXMIDTERMMOV-IL03D|turnout:KXMIDTERMVOTETURN-IL03|winner:KXHOUSERACE-IL03-26
IL02,3,margin:KXMIDTERMMOV-IL02D|turnout:KXMIDTERMVOTETURN-IL02|winner:KXHOUSERACE-IL02-26
IL01,3,margin:KXMIDTERMMOV-IL01D|turnout:KXMIDTERMVOTETURN-IL01|winner:KXHOUSERACE-IL01-26
ID02,3,margin:KXMIDTERMMOV-ID02R|turnout:KXMIDTERMVOTETURN-ID02|winner:KXHOUSERACE-ID02-26
ID01,3,margin:KXMIDTERMMOV-ID01R|turnout:KXMIDTERMVOTETURN-ID01|winner:KXHOUSERACE-ID01-26
IASEN,3,margin:KXMIDTERMMOV-IASEND|margin:KXMIDTERMMOV-IASENR|turnout:KXMIDTERMVOTETURN-IASEN
IAGOV,3,margin:KXMIDTERMMOV-IAGOVD|margin:KXMIDTERMMOV-IAGOVR|turnout:KXMIDTERMVOTETURN-IAGOV
IA04,3,margin:KXMIDTERMMOV-IA04R|turnout:KXMIDTERMVOTETURN-IA04|winner:KXHOUSERACE-IA04-26
IA03,3,margin:KXMIDTERMMOV-IA03D|margin:KXMIDTERMMOV-IA03R|turnout:KXMIDTERMVOTETURN-IA03
IA01,3,margin:KXMIDTERMMOV-IA01D|margin:KXMIDTERMMOV-IA01R|turnout:KXMIDTERMVOTETURN-IA01
HI02,3,margin:KXMIDTERMMOV-HI02D|turnout:KXMIDTERMVOTETURN-HI02|winner:KXHOUSERACE-HI02-26
HI01,3,margin:KXMIDTERMMOV-HI01D|turnout:KXMIDTERMVOTETURN-HI01|winner:KXHOUSERACE-HI01-26
GASEN,3,margin:KXMIDTERMMOV-GASEND|margin:KXMIDTERMMOV-GASENR|turnout:KXMIDTERMVOTETURN-GASEN
GAGOV,3,margin:KXMIDTERMMOV-GAGOVD|margin:KXMIDTERMMOV-GAGOVR|turnout:KXMIDTERMVOTETURN-GAGOV
GA14,3,margin:KXMIDTERMMOV-GA14R|turnout:KXMIDTERMVOTETURN-GA14|winner:KXHOUSERACE-GA14-26
GA13,3,margin:KXMIDTERMMOV-GA13D|turnout:KXMIDTERMVOTETURN-GA13|winner:KXHOUSERACE-GA13-26
GA12,3,margin:KXMIDTERMMOV-GA12R|turnout:KXMIDTERMVOTETURN-GA12|winner:KXHOUSERACE-GA12-26
GA11,3,margin:KXMIDTERMMOV-GA11R|turnout:KXMIDTERMVOTETURN-GA11|winner:KXHOUSERACE-GA11-26
GA10,3,margin:KXMIDTERMMOV-GA10R|turnout:KXMIDTERMVOTETURN-GA10|winner:KXHOUSERACE-GA10-26
GA09,3,margin:KXMIDTERMMOV-GA09R|turnout:KXMIDTERMVOTETURN-GA09|winner:KXHOUSERACE-GA09-26
GA08,3,margin:KXMIDTERMMOV-GA08R|turnout:KXMIDTERMVOTETURN-GA08|winner:KXHOUSERACE-GA08-26
GA07,3,margin:KXMIDTERMMOV-GA07R|turnout:KXMIDTERMVOTETURN-GA07|winner:KXHOUSERACE-GA07-26
GA06,3,margin:KXMIDTERMMOV-GA06D|turnout:KXMIDTERMVOTETURN-GA06|winner:KXHOUSERACE-GA06-26
GA05,3,margin:KXMIDTERMMOV-GA05D|turnout:KXMIDTERMVOTETURN-GA05|winner:KXHOUSERACE-GA05-26
GA04,3,margin:KXMIDTERMMOV-GA04D|turnout:KXMIDTERMVOTETURN-GA04|winner:KXHOUSERACE-GA04-26
GA03,3,margin:KXMIDTERMMOV-GA03R|turnout:KXMIDTERMVOTETURN-GA03|winner:KXHOUSERACE-GA03-26
GA02,3,margin:KXMIDTERMMOV-GA02D|turnout:KXMIDTERMVOTETURN-GA02|winner:KXHOUSERACE-GA02-26
GA01,3,margin:KXMIDTERMMOV-GA01R|turnout:KXMIDTERMVOTETURN-GA01|winner:KXHOUSERACE-GA01-26
FLSEN,3,margin:KXMIDTERMMOV-FLSEND|margin:KXMIDTERMMOV-FLSENR|turnout:KXMIDTERMVOTETURN-FLSEN
FLGOV,3,margin:KXMIDTERMMOV-FLGOVD|margin:KXMIDTERMMOV-FLGOVR|turnout:KXMIDTERMVOTETURN-FLGOV
FL28,3,margin:KXMIDTERMMOV-FL28R|turnout:KXMIDTERMVOTETURN-FL28|winner:KXHOUSERACE-FL28-26
FL26,3,margin:KXMIDTERMMOV-FL26R|turnout:KXMIDTERMVOTETURN-FL26|winner:KXHOUSERACE-FL26-26
FL25,3,margin:KXMIDTERMMOV-FL25D|turnout:KXMIDTERMVOTETURN-FL25|winner:KXHOUSERACE-FL25-26
FL24,3,margin:KXMIDTERMMOV-FL24D|turnout:KXMIDTERMVOTETURN-FL24|winner:KXHOUSERACE-FL24-26
FL22,3,margin:KXMIDTERMMOV-FL22D|turnout:KXMIDTERMVOTETURN-FL22|winner:KXHOUSERACE-FL22-26
FL21,3,margin:KXMIDTERMMOV-FL21R|turnout:KXMIDTERMVOTETURN-FL21|winner:KXHOUSERACE-FL21-26
FL19,3,margin:KXMIDTERMMOV-FL19R|turnout:KXMIDTERMVOTETURN-FL19|winner:KXHOUSERACE-FL19-26
FL18,3,margin:KXMIDTERMMOV-FL18R|turnout:KXMIDTERMVOTETURN-FL18|winner:KXHOUSERACE-FL18-26
FL17,3,margin:KXMIDTERMMOV-FL17R|turnout:KXMIDTERMVOTETURN-FL17|winner:KXHOUSERACE-FL17-26
FL14,3,margin:KXMIDTERMMOV-FL14D|turnout:KXMIDTERMVOTETURN-FL14|winner:KXHOUSERACE-FL14-26
FL12,3,margin:KXMIDTERMMOV-FL12R|turnout:KXMIDTERMVOTETURN-FL12|winner:KXHOUSERACE-FL12-26
FL11,3,margin:KXMIDTERMMOV-FL11R|turnout:KXMIDTERMVOTETURN-FL11|winner:KXHOUSERACE-FL11-26
FL10,3,margin:KXMIDTERMMOV-FL10D|turnout:KXMIDTERMVOTETURN-FL10|winner:KXHOUSERACE-FL10-26
FL08,3,margin:KXMIDTERMMOV-FL08R|turnout:KXMIDTERMVOTETURN-FL08|winner:KXHOUSERACE-FL08-26
FL06,3,margin:KXMIDTERMMOV-FL06R|turnout:KXMIDTERMVOTETURN-FL06|winner:KXHOUSERACE-FL06-26
FL05,3,margin:KXMIDTERMMOV-FL05R|turnout:KXMIDTERMVOTETURN-FL05|winner:KXHOUSERACE-FL05-26
FL03,3,margin:KXMIDTERMMOV-FL03R|turnout:KXMIDTERMVOTETURN-FL03|winner:KXHOUSERACE-FL03-26
FL02,3,margin:KXMIDTERMMOV-FL02R|turnout:KXMIDTERMVOTETURN-FL02|winner:KXHOUSERACE-FL02-26
FL01,3,margin:KXMIDTERMMOV-FL01R|turnout:KXMIDTERMVOTETURN-FL01|winner:KXHOUSERACE-FL01-26
DEAL,3,margin:KXMIDTERMMOV-DEALD|turnout:KXMIDTERMVOTETURN-DEAL|winner:KXHOUSERACE-DEAL-26
CT04,3,margin:KXMIDTERMMOV-CT04D|turnout:KXMIDTERMVOTETURN-CT04|winner:KXHOUSERACE-CT04-26
CT03,3,margin:KXMIDTERMMOV-CT03D|turnout:KXMIDTERMVOTETURN-CT03|winner:KXHOUSERACE-CT03-26
CT02,3,margin:KXMIDTERMMOV-CT02D|turnout:KXMIDTERMVOTETURN-CT02|winner:KXHOUSERACE-CT02-26
CT01,3,margin:KXMIDTERMMOV-CT01D|turnout:KXMIDTERMVOTETURN-CT01|winner:KXHOUSERACE-CT01-26
CO08,3,margin:KXMIDTERMMOV-CO08D|margin:KXMIDTERMMOV-CO08R|turnout:KXMIDTERMVOTETURN-CO08
CO07,3,margin:KXMIDTERMMOV-CO07D|turnout:KXMIDTERMVOTETURN-CO07|winner:KXHOUSERACE-CO07-26
CO06,3,margin:KXMIDTERMMOV-CO06D|turnout:KXMIDTERMVOTETURN-CO06|winner:KXHOUSERACE-CO06-26
CO03,3,margin:KXMIDTERMMOV-CO03D|margin:KXMIDTERMMOV-CO03R|turnout:KXMIDTERMVOTETURN-CO03
CO02,3,margin:KXMIDTERMMOV-CO02D|turnout:KXMIDTERMVOTETURN-CO02|winner:KXHOUSERACE-CO02-26
CO01,3,margin:KXMIDTERMMOV-CO01D|turnout:KXMIDTERMVOTETURN-CO01|winner:KXHOUSERACE-CO01-26
AZGOV,3,margin:KXMIDTERMMOV-AZGOVD|margin:KXMIDTERMMOV-AZGOVR|turnout:KXMIDTERMVOTETURN-AZGOV
AZ09,3,margin:KXMIDTERMMOV-AZ09R|turnout:KXMIDTERMVOTETURN-AZ09|winner:KXHOUSERACE-AZ09-26
AZ08,3,margin:KXMIDTERMMOV-AZ08R|turnout:KXMIDTERMVOTETURN-AZ08|winner:KXHOUSERACE-AZ08-26
AZ07,3,margin:KXMIDTERMMOV-AZ07D|turnout:KXMIDTERMVOTETURN-AZ07|winner:KXHOUSERACE-AZ07-26
AZ06,3,margin:KXMIDTERMMOV-AZ06D|margin:KXMIDTERMMOV-AZ06R|turnout:KXMIDTERMVOTETURN-AZ06
AZ05,3,margin:KXMIDTERMMOV-AZ05R|turnout:KXMIDTERMVOTETURN-AZ05|winner:KXHOUSERACE-AZ05-26
AZ04,3,margin:KXMIDTERMMOV-AZ04D|turnout:KXMIDTERMVOTETURN-AZ04|winner:KXHOUSERACE-AZ04-26
AZ03,3,margin:KXMIDTERMMOV-AZ03D|turnout:KXMIDTERMVOTETURN-AZ03|winner:KXHOUSERACE-AZ03-26
AZ02,3,margin:KXMIDTERMMOV-AZ02D|margin:KXMIDTERMMOV-AZ02R|turnout:KXMIDTERMVOTETURN-AZ02
AZ01,3,margin:KXMIDTERMMOV-AZ01D|margin:KXMIDTERMMOV-AZ01R|turnout:KXMIDTERMVOTETURN-AZ01
AR04,3,margin:KXMIDTERMMOV-AR04R|turnout:KXMIDTERMVOTETURN-AR04|winner:KXHOUSERACE-AR04-26
AR03,3,margin:KXMIDTERMMOV-AR03R|turnout:KXMIDTERMVOTETURN-AR03|winner:KXHOUSERACE-AR03-26
AR02,3,margin:KXMIDTERMMOV-AR02R|turnout:KXMIDTERMVOTETURN-AR02|winner:KXHOUSERACE-AR02-26
AR01,3,margin:KXMIDTERMMOV-AR01R|turnout:KXMIDTERMVOTETURN-AR01|winner:KXHOUSERACE-AR01-26
AL07,3,margin:KXMIDTERMMOV-AL07D|turnout:KXMIDTERMVOTETURN-AL07|winner:KXHOUSERACE-AL07-26
AL06,3,margin:KXMIDTERMMOV-AL06R|turnout:KXMIDTERMVOTETURN-AL06|winner:KXHOUSERACE-AL06-26
AL05,3,margin:KXMIDTERMMOV-AL05R|turnout:KXMIDTERMVOTETURN-AL05|winner:KXHOUSERACE-AL05-26
AL04,3,margin:KXMIDTERMMOV-AL04R|turnout:KXMIDTERMVOTETURN-AL04|winner:KXHOUSERACE-AL04-26
AL03,3,margin:KXMIDTERMMOV-AL03R|turnout:KXMIDTERMVOTETURN-AL03|winner:KXHOUSERACE-AL03-26
AL02,3,margin:KXMIDTERMMOV-AL02D|turnout:KXMIDTERMVOTETURN-AL02|winner:KXHOUSERACE-AL02-26
AL01,3,margin:KXMIDTERMMOV-AL01R|turnout:KXMIDTERMVOTETURN-AL01|winner:KXHOUSERACE-AL01-26
WYSEN,2,margin:KXMIDTERMMOV-WYSENR|turnout:KXMIDTERMVOTETURN-WYSEN
WYGOV,2,margin:KXMIDTERMMOV-WYGOVR|turnout:KXMIDTERMVOTETURN-WYGOV
WVSEN,2,margin:KXMIDTERMMOV-WVSENR|turnout:KXMIDTERMVOTETURN-WVSEN
WA10,2,turnout:KXMIDTERMVOTETURN-WA10|winner:KXHOUSERACE-WA10-26
WA09,2,turnout:KXMIDTERMVOTETURN-WA09|winner:KXHOUSERACE-WA09-26
WA07,2,turnout:KXMIDTERMVOTETURN-WA07|winner:KXHOUSERACE-WA07-26
WA06,2,turnout:KXMIDTERMVOTETURN-WA06|winner:KXHOUSERACE-WA06-26
WA05,2,turnout:KXMIDTERMVOTETURN-WA05|winner:KXHOUSERACE-WA05-26
WA04,2,turnout:KXMIDTERMVOTETURN-WA04|winner:KXHOUSERACE-WA04-26
WA02,2,turnout:KXMIDTERMVOTETURN-WA02|winner:KXHOUSERACE-WA02-26
WA01,2,turnout:KXMIDTERMVOTETURN-WA01|winner:KXHOUSERACE-WA01-26
VASEN,2,margin:KXMIDTERMMOV-VASEND|turnout:KXMIDTERMVOTETURN-VASEN
VA10,2,margin:KXMIDTERMMOV-VA10D|turnout:KXMIDTERMVOTETURN-VA10
VA07,2,margin:KXMIDTERMMOV-VA07D|turnout:KXMIDTERMVOTETURN-VA07
UT03,2,margin:KXMIDTERMMOV-UT03R|turnout:KXMIDTERMVOTETURN-UT03
UT02,2,margin:KXMIDTERMMOV-UT02R|turnout:KXMIDTERMVOTETURN-UT02
UT01,2,margin:KXMIDTERMMOV-UT01D|turnout:KXMIDTERMVOTETURN-UT01
TNSEN,2,margin:KXMIDTERMMOV-TNSENR|turnout:KXMIDTERMVOTETURN-TNSEN
TNGOV,2,margin:KXMIDTERMMOV-TNGOVR|turnout:KXMIDTERMVOTETURN-TNGOV
SDSEN,2,margin:KXMIDTERMMOV-SDSENR|turnout:KXMIDTERMVOTETURN-SDSEN
SDGOV,2,margin:KXMIDTERMMOV-SDGOVR|turnout:KXMIDTERMVOTETURN-SDGOV
RISEN,2,margin:KXMIDTERMMOV-RISEND|turnout:KXMIDTERMVOTETURN-RISEN
RIGOV,2,margin:KXMIDTERMMOV-RIGOVD|turnout:KXMIDTERMVOTETURN-RIGOV
PAGOV,2,margin:KXMIDTERMMOV-PAGOVD|turnout:KXMIDTERMVOTETURN-PAGOV
ORSEN,2,margin:KXMIDTERMMOV-ORSEND|turnout:KXMIDTERMVOTETURN-ORSEN
ORGOV,2,margin:KXMIDTERMMOV-ORGOVD|turnout:KXMIDTERMVOTETURN-ORGOV
OR05,2,margin:KXMIDTERMMOV-OR05D|turnout:KXMIDTERMVOTETURN-OR05
OKSEN,2,margin:KXMIDTERMMOV-OKSENR|turnout:KXMIDTERMVOTETURN-OKSEN
OKGOV,2,margin:KXMIDTERMMOV-OKGOVR|turnout:KXMIDTERMVOTETURN-OKGOV
NYGOV,2,margin:KXMIDTERMMOV-NYGOVD|turnout:KXMIDTERMVOTETURN-NYGOV
NY04,2,margin:KXMIDTERMMOV-NY04D|turnout:KXMIDTERMVOTETURN-NY04
NV04,2,margin:KXMIDTERMMOV-NV04D|turnout:KXMIDTERMVOTETURN-NV04
NV01,2,margin:KXMIDTERMMOV-NV01D|turnout:KXMIDTERMVOTETURN-NV01
NMSEN,2,margin:KXMIDTERMMOV-NMSEND|turnout:KXMIDTERMVOTETURN-NMSEN
NMGOV,2,margin:KXMIDTERMMOV-NMGOVD|turnout:KXMIDTERMVOTETURN-NMGOV
NM02,2,margin:KXMIDTERMMOV-NM02D|turnout:KXMIDTERMVOTETURN-NM02
NJSEN,2,margin:KXMIDTERMMOV-NJSEND|turnout:KXMIDTERMVOTETURN-NJSEN
NJ09,2,margin:KXMIDTERMMOV-NJ09D|turnout:KXMIDTERMVOTETURN-NJ09
NJ05,2,margin:KXMIDTERMMOV-NJ05D|turnout:KXMIDTERMVOTETURN-NJ05
MSSEN,2,margin:KXMIDTERMMOV-MSSENR|turnout:KXMIDTERMVOTETURN-MSSEN
MNSEN,2,margin:KXMIDTERMMOV-MNSEND|turnout:KXMIDTERMVOTETURN-MNSEN
MNGOV,2,margin:KXMIDTERMMOV-MNGOVD|turnout:KXMIDTERMVOTETURN-MNGOV
MN02,2,margin:KXMIDTERMMOV-MN02D|turnout:KXMIDTERMVOTETURN-MN02
MI03,2,margin:KXMIDTERMMOV-MI03D|turnout:KXMIDTERMVOTETURN-MI03
MDGOV,2,margin:KXMIDTERMMOV-MDGOVD|turnout:KXMIDTERMVOTETURN-MDGOV
MASEN,2,margin:KXMIDTERMMOV-MASEND|turnout:KXMIDTERMVOTETURN-MASEN
MAGOV,2,margin:KXMIDTERMMOV-MAGOVD|turnout:KXMIDTERMVOTETURN-MAGOV
LASEN,2,margin:KXMIDTERMMOV-LASENR|turnout:KXMIDTERMVOTETURN-LASEN
KYSEN,2,margin:KXMIDTERMMOV-KYSENR|turnout:KXMIDTERMVOTETURN-KYSEN
KSSEN,2,margin:KXMIDTERMMOV-KSSENR|turnout:KXMIDTERMVOTETURN-KSSEN
IN07,2,margin:KXMIDTERMMOV-IN07D|turnout:KXMIDTERMVOTETURN-IN07
IN01,2,margin:KXMIDTERMMOV-IN01D|turnout:KXMIDTERMVOTETURN-IN01
ILSEN,2,margin:KXMIDTERMMOV-ILSEND|turnout:KXMIDTERMVOTETURN-ILSEN
ILGOV,2,margin:KXMIDTERMMOV-ILGOVD|turnout:KXMIDTERMVOTETURN-ILGOV
IDSEN,2,margin:KXMIDTERMMOV-IDSENR|turnout:KXMIDTERMVOTETURN-IDSEN
IDGOV,2,margin:KXMIDTERMMOV-IDGOVR|turnout:KXMIDTERMVOTETURN-IDGOV
HIGOV,2,margin:KXMIDTERMMOV-HIGOVD|turnout:KXMIDTERMVOTETURN-HIGOV
DESEN,2,margin:KXMIDTERMMOV-DESEND|turnout:KXMIDTERMVOTETURN-DESEN
CTGOV,2,margin:KXMIDTERMMOV-CTGOVD|turnout:KXMIDTERMVOTETURN-CTGOV
CT05,2,margin:KXMIDTERMMOV-CT05D|turnout:KXMIDTERMVOTETURN-CT05
COSEN,2,margin:KXMIDTERMMOV-COSEND|turnout:KXMIDTERMVOTETURN-COSEN
COGOV,2,margin:KXMIDTERMMOV-COGOVD|turnout:KXMIDTERMVOTETURN-COGOV
CA52,2,turnout:KXMIDTERMVOTETURN-CA52|winner:KXHOUSERACE-CA52-26
CA51,2,turnout:KXMIDTERMVOTETURN-CA51|winner:KXHOUSERACE-CA51-26
CA50,2,turnout:KXMIDTERMVOTETURN-CA50|winner:KXHOUSERACE-CA50-26
CA49,2,turnout:KXMIDTERMVOTETURN-CA49|winner:HOUSECA49-26
CA48,2,turnout:KXMIDTERMVOTETURN-CA48|winner:KXHOUSERACE-CA48-26
CA47,2,turnout:KXMIDTERMVOTETURN-CA47|winner:HOUSECA47-26
CA46,2,turnout:KXMIDTERMVOTETURN-CA46|winner:KXHOUSERACE-CA46-26
CA45,2,turnout:KXMIDTERMVOTETURN-CA45|winner:HOUSECA45-26
CA44,2,turnout:KXMIDTERMVOTETURN-CA44|winner:KXHOUSERACE-CA44-26
CA43,2,turnout:KXMIDTERMVOTETURN-CA43|winner:KXHOUSERACE-CA43-26
CA42,2,turnout:KXMIDTERMVOTETURN-CA42|winner:KXHOUSERACE-CA42-26
CA41,2,turnout:KXMIDTERMVOTETURN-CA41|winner:HOUSECA41-26
CA39,2,turnout:KXMIDTERMVOTETURN-CA39|winner:KXHOUSERACE-CA39-26
CA38,2,turnout:KXMIDTERMVOTETURN-CA38|winner:KXHOUSERACE-CA38-26
CA36,2,turnout:KXMIDTERMVOTETURN-CA36|winner:KXHOUSERACE-CA36-26
CA35,2,turnout:KXMIDTERMVOTETURN-CA35|winner:KXHOUSERACE-CA35-26
CA33,2,turnout:KXMIDTERMVOTETURN-CA33|winner:KXHOUSERACE-CA33-26
CA32,2,turnout:KXMIDTERMVOTETURN-CA32|winner:KXHOUSERACE-CA32-26
CA31,2,turnout:KXMIDTERMVOTETURN-CA31|winner:KXHOUSERACE-CA31-26
CA30,2,turnout:KXMIDTERMVOTETURN-CA30|winner:KXHOUSERACE-CA30-26
CA28,2,turnout:KXMIDTERMVOTETURN-CA28|winner:KXHOUSERACE-CA28-26
CA27,2,turnout:KXMIDTERMVOTETURN-CA27|winner:HOUSECA27-26
CA26,2,turnout:KXMIDTERMVOTETURN-CA26|winner:KXHOUSERACE-CA26-26
CA25,2,turnout:KXMIDTERMVOTETURN-CA25|winner:KXHOUSERACE-CA25-26
CA24,2,turnout:KXMIDTERMVOTETURN-CA24|winner:KXHOUSERACE-CA24-26
CA23,2,turnout:KXMIDTERMVOTETURN-CA23|winner:KXHOUSERACE-CA23-26
CA22,2,turnout:KXMIDTERMVOTETURN-CA22|winner:HOUSECA22-26
CA21,2,turnout:KXMIDTERMVOTETURN-CA21|winner:HOUSECA21-26
CA20,2,turnout:KXMIDTERMVOTETURN-CA20|winner:KXHOUSERACE-CA20-26
CA19,2,turnout:KXMIDTERMVOTETURN-CA19|winner:KXHOUSERACE-CA19-26
CA18,2,turnout:KXMIDTERMVOTETURN-CA18|winner:KXHOUSERACE-CA18-26
CA17,2,turnout:KXMIDTERMVOTETURN-CA17|winner:KXHOUSERACE-CA17-26
CA16,2,turnout:KXMIDTERMVOTETURN-CA16|winner:KXHOUSERACE-CA16-26
CA15,2,turnout:KXMIDTERMVOTETURN-CA15|winner:KXHOUSERACE-CA15-26
CA13,2,turnout:KXMIDTERMVOTETURN-CA13|winner:HOUSECA13-26
CA10,2,turnout:KXMIDTERMVOTETURN-CA10|winner:KXHOUSERACE-CA10-26
CA08,2,turnout:KXMIDTERMVOTETURN-CA08|winner:KXHOUSERACE-CA08-26
CA06,2,turnout:KXMIDTERMVOTETURN-CA06|winner:KXHOUSERACE-CA06-26
CA05,2,turnout:KXMIDTERMVOTETURN-CA05|winner:KXHOUSERACE-CA05-26
CA02,2,turnout:KXMIDTERMVOTETURN-CA02|winner:KXHOUSERACE-CA02-26
CA01,2,turnout:KXMIDTERMVOTETURN-CA01|winner:KXHOUSERACE-CA01-26
ARSEN,2,margin:KXMIDTERMMOV-ARSENR|turnout:KXMIDTERMVOTETURN-ARSEN
ARGOV,2,margin:KXMIDTERMMOV-ARGOVR|turnout:KXMIDTERMVOTETURN-ARGOV
ALSEN,2,margin:KXMIDTERMMOV-ALSENR|turnout:KXMIDTERMVOTETURN-ALSEN
ALGOV,2,margin:KXMIDTERMMOV-ALGOVR|turnout:KXMIDTERMVOTETURN-ALGOV
IN08,2,margin:KXMIDTERMMOV-IN08R|winner:KXHOUSERACE-IN08-26
FL20,2,margin:KXMIDTERMMOV-FL20D|winner:KXHOUSERACE-FL20-26
FL09,2,margin:KXMIDTERMMOV-FL09D|winner:KXHOUSERACE-FL09-26
SC,2,winner_governor:GOVPARTYSC-26|winner_senate:SENATESC-26
TX,2,winner_governor:GOVPARTYTX-26|winner_senate:SENATETX-26
AL,2,winner_governor:GOVPARTYAL-26|winner_senate:SENATEAL-26
TN,2,winner_governor:GOVPARTYTN-26|winner_senate:SENATETN-26
OK,2,winner_governor:GOVPARTYOK-26|winner_senate:SENATEOK-26
IL,2,winner_governor:GOVPARTYIL-26|winner_senate:SENATEIL-26
IA,2,winner_governor:GOVPARTYIA-26|winner_senate:SENATEIA-26
GA,2,winner_governor:GOVPARTYGA-26|winner_senate:SENATEGA-26
AR,2,winner_governor:GOVPARTYAR-26|winner_senate:SENATEAR-26
OR,2,winner_governor:GOVPARTYOR-26|winner_senate:SENATEOR-26
SD,2,winner_governor:GOVPARTYSD-26|winner_senate:SENATESD-26
CO,2,winner_governor:GOVPARTYCO-26|winner_senate:SENATECO-26
WY,2,winner_governor:GOVPARTYWY-26|winner_senate:SENATEWY-26
MN,2,winner_governor:GOVPARTYMN-26|winner_senate:SENATEMN-26
ID,2,winner_governor:GOVPARTYID-26|winner_senate:SENATEID-26
RI,2,winner_governor:GOVPARTYRI-26|winner_senate:SENATERI-26
MA,2,winner_governor:GOVPARTYMA-26|winner_senate:SENATEMA-26
NM,2,winner_governor:GOVPARTYNM-26|winner_senate:SENATENM-26
NE,2,winner_governor:GOVPARTYNE-26|winner_senate:SENATENE-26
MI,2,winner_governor:GOVPARTYMI-26|winner_senate:SENATEMI-26
ME,2,winner_governor:GOVPARTYME-26|winner_senate:SENATEME-26
